Conventions,G,BADC-CSV,1
title,G,uk-daily-temperature-obs
source,G,Met Office MIDAS database
creator,G,Met Office
activity,G,Met Office MIDAS Open: UK Land Surface Stations Data
feature_type,G,point series
collection_name,G,midas-open
collection_version_number,G,dataset-version-202407
history,G,Created 2024-07-24
last_revised_date,G,2024-07-24
observation_station,G,okehampton-east-okement-farm
historic_county_name,G,devon
authority,G,Met Office
midas_station_id,G,01345
location,G,50.703,-3.977
height,G,408,m
date_valid,G,2016-01-01 00:00:00,2016-12-31 23:59:59
midas_qc_version_number,G,1
comments,G,The midas_qc_version_number indicates if the data are original received message (0) or current best version (1)
comments,G,This file contains station observations
comments,G,missing values are identified with the missing data flag
missing_value,G,NA
coordinate_variable,ob_end_time,t
long_name,ob_end_time,Date and time at end of observation,s
type,ob_end_time,char
comments,ob_end_time,Date and time (YYYY-MM-DD HH:MM:SS) at the end of the observation period
comments,ob_end_time,Use ob_end_time in conjunction with ob_hour_count to determine the period over which the observation relates.
comments,ob_end_time,Common periods include 12 hour observations ending at 0900 or 2100 or 24 hour observations ending at 0900.
long_name,id_type,identifier type,1
type,id_type,char
comments,id_type,a station may have more than one id assigned to it defined by id_type
long_name,id,station identifier,1
type,id,char
comments,id,a station may have more than one id assigned to it
long_name,ob_hour_count,observation hour count,hours
type,ob_hour_count,int
comments,ob_hour_count,number of hours the observation period spans
long_name,version_num,midas qc version number,1
type,version_num,int
comments,version_num,The midas_qc_version_number indicates if the data are original received message (0) or current best version (1)
long_name,met_domain_name,message type,1
type,met_domain_name,char
comments,met_domain_name,message type (see MIDAS documentation)
long_name,src_id,unique MIDAS source identifier,1
type,src_id,int
long_name,rec_st_ind,state indicator for the record,1
type,rec_st_ind,int
comments,rec_st_ind,state indicator for the current stage in the life of the record (see MIDAS documentation)
long_name,max_air_temp,maximum air temperature,degC
type,max_air_temp,float
comments,max_air_temp,maximum air temperature recorded during the observation period
long_name,min_air_temp,minimum air temperature,degC
type,min_air_temp,float
comments,min_air_temp,minimum air temperature recorded during the observation period
long_name,min_grss_temp,minimum grass temperature, degC
type,min_grss_temp,float
comments,min_grss_temp,minimum grass temperature recorded during the observation period
long_name,min_conc_temp,minimum concrete temperature, degC
type,min_conc_temp,float
comments,min_conc_temp,minimum concrete temperature recorded during the observation period
long_name,max_air_temp_q,maximum air temperature qc code,1
type,max_air_temp_q,int
comments,max_air_temp_q,maximum air temperature qc code (see MIDAS documentation)
long_name,min_air_temp_q,minimum air temperature qc code,1
type,min_air_temp_q,int
comments,min_air_temp_q,minimum air temperature qc code (see MIDAS documentation)
long_name,min_grss_temp_q,minimum grass temperature qc code,1
type,min_grss_temp_q,int
comments,min_grss_temp_q,minimum grass temperature qc code (see MIDAS documentation)
long_name,min_conc_temp_q,minimum concrete temperature qc code,1
type,min_conc_temp_q,int
comments,min_conc_temp_q,minimum concrete temperature qc code (see MIDAS documentation)
long_name,max_air_temp_j,maximum air temperature descriptor code,1
type,max_air_temp_j,int
comments,max_air_temp_j,maximum air temperature descriptor code (see MIDAS documentation)
long_name,min_air_temp_j,minimum air temperature descriptor code,1
type,min_air_temp_j,int
comments,min_air_temp_j,minimum air temperature descriptor code (see MIDAS documentation)
long_name,min_grss_temp_j,minimum grass temperature descriptor code,1
type,min_grss_temp_j,int
comments,min_grss_temp_j,minimum grass temperature descriptor code (see MIDAS documentation)
long_name,min_conc_temp_j,minimum concrete temperature descriptor code,1
type,min_conc_temp_j,int
comments,min_conc_temp_j,minimum concrete temperature descriptor code (see MIDAS documentation)
long_name,meto_stmp_time,Met Office receipt stamp time,s
type,meto_stmp_time,char
comments,meto_stmp_time,Met Office receipt stamp time as YYYY-MM-DD HH:MM:SS
long_name,midas_stmp_etime,elapsed time to storage in MIDAS,minutes
type,midas_stmp_etime,int
comments,midas_stmp_etime,elapsed time to storage in MIDAS in minutes
data
ob_end_time,id_type,id,ob_hour_count,version_num,met_domain_name,src_id,rec_st_ind,max_air_temp,min_air_temp,min_grss_temp,min_conc_temp,max_air_temp_q,min_air_temp_q,min_grss_temp_q,min_conc_temp_q,max_air_temp_j,min_air_temp_j,min_grss_temp_j,min_conc_temp_j,meto_stmp_time,midas_stmp_etime
2016-01-01 09:00:00,DCNN,8825,24,1,AWSDLY,1345,1011,8.0,NA,NA,NA,2006,NA,NA,NA,NA,NA,NA,NA,2016-03-01 14:20:08,0.0
2016-01-03 09:00:00,DCNN,8825,12,1,AWSDLY,1345,1011,8.1,3.9,2.8,2.8,6,6,6,6,NA,NA,NA,NA,2016-01-08 16:40:00,0.0
2016-01-03 21:00:00,DCNN,8825,12,1,AWSDLY,1345,1011,7.4,4.8,NA,NA,6,6,NA,NA,NA,NA,NA,NA,2016-01-08 16:42:00,0.0
2016-01-04 09:00:00,DCNN,8825,12,1,AWSDLY,1345,1011,5.9,4.6,4.1,3.9,6,6,6,6,NA,NA,NA,NA,2016-01-08 16:44:00,0.0
2016-01-04 21:00:00,DCNN,8825,12,1,AWSDLY,1345,1011,6.8,5.3,NA,NA,6,6,NA,NA,NA,NA,NA,NA,2016-01-08 16:46:00,0.0
2016-01-05 09:00:00,DCNN,8825,12,1,AWSDLY,1345,1011,6.2,4.5,3.6,3.6,6,6,6,6,NA,NA,NA,NA,2016-01-08 16:48:00,0.0
2016-01-05 21:00:00,DCNN,8825,12,1,AWSDLY,1345,1011,6.8,4.4,NA,NA,6,6,NA,NA,NA,NA,NA,NA,2016-01-08 16:50:00,0.0
2016-01-06 09:00:00,DCNN,8825,12,1,AWSDLY,1345,1011,5.4,4.1,3.6,3.5,6,6,6,6,NA,NA,NA,NA,2016-01-08 16:53:00,0.0
2016-01-06 21:00:00,DCNN,8825,12,1,AWSDLY,1345,1011,6.8,4.6,NA,NA,6,6,NA,NA,NA,NA,NA,NA,2016-01-08 16:56:00,0.0
2016-01-07 09:00:00,DCNN,8825,12,1,AWSDLY,1345,1011,9.4,3.8,3.8,3.8,6,6,6,6,NA,NA,NA,NA,2016-01-08 17:00:00,0.0
2016-01-07 21:00:00,DCNN,8825,12,1,AWSDLY,1345,1011,4.7,1.4,NA,NA,6,6,NA,NA,NA,NA,NA,NA,2016-01-08 17:03:00,0.0
2016-01-08 09:00:00,DCNN,8825,12,1,AWSDLY,1345,1011,4.3,1.7,0.1,-0.2,6,6,6,6,NA,NA,NA,NA,2016-01-08 17:08:00,0.0
2016-01-08 21:00:00,DCNN,8825,12,1,AWSDLY,1345,1011,7.2,4.1,NA,NA,6,6,NA,NA,NA,NA,NA,NA,2016-01-08 21:07:00,0.0
2016-01-15 09:00:00,DCNN,8825,12,1,AWSDLY,1345,1011,1.2,-0.6,-1.9,-2.2,6,6,6,6,NA,NA,NA,NA,2016-01-20 16:38:00,0.0
2016-01-15 21:00:00,DCNN,8825,12,1,AWSDLY,1345,1011,2.5,0.1,NA,NA,6,6,NA,NA,NA,NA,NA,NA,2016-01-20 16:40:00,0.0
2016-01-16 09:00:00,DCNN,8825,12,1,AWSDLY,1345,1011,1.9,-1.5,-4.4,-4.4,6,6,6,6,NA,NA,NA,NA,2016-01-20 16:43:00,0.0
2016-01-16 21:00:00,DCNN,8825,12,1,AWSDLY,1345,1011,5.3,-0.4,NA,NA,6,6,NA,NA,NA,NA,NA,NA,2016-01-20 16:45:00,0.0
2016-01-17 09:00:00,DCNN,8825,12,1,AWSDLY,1345,1011,3.9,2.5,0.0,-0.3,6,6,6,6,NA,NA,NA,NA,2016-01-20 16:47:00,0.0
2016-01-17 21:00:00,DCNN,8825,12,1,AWSDLY,1345,1011,6.2,3.5,NA,NA,6,6,NA,NA,NA,NA,NA,NA,2016-01-20 16:50:00,0.0
2016-01-18 09:00:00,DCNN,8825,12,1,AWSDLY,1345,1011,5.2,2.7,2.5,2.5,6,6,6,6,NA,NA,NA,NA,2016-01-20 16:52:00,0.0
2016-01-18 21:00:00,DCNN,8825,12,1,AWSDLY,1345,1011,3.5,2.6,NA,NA,6,6,NA,NA,NA,NA,NA,NA,2016-01-20 16:55:00,0.0
2016-01-19 09:00:00,DCNN,8825,12,1,AWSDLY,1345,1011,3.1,-1.8,-2.9,-3.1,6,6,6,6,NA,NA,NA,NA,2016-01-20 16:58:00,0.0
2016-01-19 21:00:00,DCNN,8825,12,1,AWSDLY,1345,1011,3.4,-3.2,NA,NA,6,6,NA,NA,NA,NA,NA,NA,2016-01-20 17:01:00,0.0
2016-01-20 09:00:00,DCNN,8825,12,1,AWSDLY,1345,1011,0.1,-2.8,-4.3,-4.4,6,6,6,6,NA,NA,NA,NA,2016-01-20 17:08:00,0.0
2016-01-20 21:00:00,DCNN,8825,12,1,AWSDLY,1345,1011,2.6,-0.2,NA,NA,6,6,NA,NA,NA,NA,NA,NA,2016-01-20 21:06:00,0.0
2016-01-21 09:00:00,DCNN,8825,12,1,AWSDLY,1345,1011,5.4,1.0,-1.1,-1.3,6,6,6,6,NA,NA,NA,NA,2016-01-21 09:11:00,0.0
2016-01-21 21:00:00,DCNN,8825,12,1,AWSDLY,1345,1011,6.9,5.3,NA,NA,6,6,NA,NA,NA,NA,NA,NA,2016-01-21 21:06:00,0.0
2016-01-22 09:00:00,DCNN,8825,12,1,AWSDLY,1345,1011,10.3,6.2,5.7,5.6,6,6,6,6,NA,NA,NA,NA,2016-01-22 09:06:00,0.0
2016-01-22 21:00:00,DCNN,8825,12,1,AWSDLY,1345,1011,10.4,6.7,NA,NA,6,6,NA,NA,NA,NA,NA,NA,2016-01-22 21:06:00,0.0
2016-01-23 09:00:00,DCNN,8825,12,1,AWSDLY,1345,1011,7.5,5.5,4.3,4.1,6,6,6,6,NA,NA,NA,NA,2016-01-23 09:06:00,0.0
2016-01-23 21:00:00,DCNN,8825,12,1,AWSDLY,1345,1011,10.4,6.8,NA,NA,6,6,NA,NA,NA,NA,NA,NA,2016-01-23 21:07:00,0.0
2016-01-24 09:00:00,DCNN,8825,12,1,AWSDLY,1345,1011,10.5,10.1,8.3,8.2,6,6,6,6,NA,NA,NA,NA,2016-01-24 11:08:00,0.0
2016-01-24 21:00:00,DCNN,8825,12,1,AWSDLY,1345,1011,11.8,9.6,NA,NA,6,6,NA,NA,NA,NA,NA,NA,2016-01-24 21:06:00,0.0
2016-01-25 09:00:00,DCNN,8825,12,1,AWSDLY,1345,1011,10.7,8.2,7.6,7.3,6,6,6,6,NA,NA,NA,NA,2016-01-25 09:06:00,0.0
2016-01-25 21:00:00,DCNN,8825,12,1,AWSDLY,1345,1011,10.8,5.2,NA,NA,6,6,NA,NA,NA,NA,NA,NA,2016-01-25 21:07:00,0.0
2016-01-26 09:00:00,DCNN,8825,12,1,AWSDLY,1345,1011,7.5,4.7,3.7,3.5,6,6,6,6,NA,NA,NA,NA,2016-01-26 09:16:00,0.0
2016-01-26 21:00:00,DCNN,8825,12,1,AWSDLY,1345,1011,9.5,7.5,NA,NA,6,6,NA,NA,NA,NA,NA,NA,2016-01-26 21:19:00,0.0
2016-01-27 09:00:00,DCNN,8825,12,1,AWSDLY,1345,1011,10.3,9.4,9.0,8.9,6,6,6,6,NA,NA,NA,NA,2016-01-27 09:18:00,0.0
2016-01-27 21:00:00,DCNN,8825,12,1,AWSDLY,1345,1011,10.4,4.1,NA,NA,6,6,NA,NA,NA,NA,NA,NA,2016-01-27 21:19:00,0.0
2016-01-28 09:00:00,DCNN,8825,12,1,AWSDLY,1345,1011,4.4,1.1,-0.6,-0.8,6,6,6,6,NA,NA,NA,NA,2016-01-28 09:29:00,22.0
2016-01-28 21:00:00,DCNN,8825,12,1,AWSDLY,1345,1011,6.7,2.8,NA,NA,6,6,NA,NA,NA,NA,NA,NA,2016-01-28 21:35:00,0.0
2016-01-29 09:00:00,DCNN,8825,12,1,AWSDLY,1345,1011,7.9,6.7,5.1,4.8,6,1006,6,6,NA,NA,NA,NA,2016-01-29 09:08:00,0.0
2016-01-29 21:00:00,DCNN,8825,12,1,AWSDLY,1345,1011,8.8,7.5,NA,NA,6,6,NA,NA,NA,NA,NA,NA,2016-01-29 23:23:00,0.0
2016-01-30 09:00:00,DCNN,8825,12,1,AWSDLY,1345,1011,8.9,3.0,2.8,2.9,6,6,6,6,NA,NA,NA,NA,2016-01-30 09:18:00,0.0
2016-01-30 21:00:00,DCNN,8825,12,1,AWSDLY,1345,1011,5.0,1.6,NA,NA,6,6,NA,NA,NA,NA,NA,NA,2016-01-30 21:17:00,0.0
2016-01-31 09:00:00,DCNN,8825,12,1,AWSDLY,1345,1011,9.4,2.8,1.2,1.3,6,6,6,6,NA,NA,NA,NA,2016-01-31 09:18:00,0.0
2016-01-31 21:00:00,DCNN,8825,12,1,AWSDLY,1345,1011,10.1,8.6,NA,NA,6,6,NA,NA,NA,NA,NA,NA,2016-01-31 21:18:00,0.0
2016-02-01 09:00:00,DCNN,8825,12,1,AWSDLY,1345,1011,8.7,7.7,7.5,7.4,6,6,6,6,NA,NA,NA,NA,2016-02-01 11:00:00,0.0
2016-02-01 21:00:00,DCNN,8825,12,1,AWSDLY,1345,1011,10.0,6.7,NA,NA,6,6,NA,NA,NA,NA,NA,NA,2016-02-01 21:06:00,0.0
2016-02-02 09:00:00,DCNN,8825,12,1,AWSDLY,1345,1011,6.9,4.0,3.4,3.3,6,6,6,6,NA,NA,NA,NA,2016-02-02 09:07:00,0.0
2016-02-02 21:00:00,DCNN,8825,12,1,AWSDLY,1345,1011,5.6,1.9,NA,NA,6,6,NA,NA,NA,NA,NA,NA,2016-02-02 21:06:00,0.0
2016-02-03 09:00:00,DCNN,8825,12,1,AWSDLY,1345,1011,2.9,0.8,-0.4,-0.7,6,6,6,6,NA,NA,NA,NA,2016-02-03 09:07:00,0.0
2016-02-03 21:00:00,DCNN,8825,12,1,AWSDLY,1345,1011,4.4,2.1,NA,NA,6,6,NA,NA,NA,NA,NA,NA,2016-02-03 21:07:00,0.0
2016-02-04 09:00:00,DCNN,8825,12,1,AWSDLY,1345,1011,8.0,2.1,0.4,0.3,6,1006,6,6,NA,NA,NA,NA,2016-02-04 09:06:00,0.0
2016-02-04 21:00:00,DCNN,8825,12,1,AWSDLY,1345,1011,8.7,7.1,NA,NA,6,6,NA,NA,NA,NA,NA,NA,2016-02-04 21:06:00,0.0
2016-02-05 09:00:00,DCNN,8825,12,1,AWSDLY,1345,1011,7.3,6.5,6.1,6.0,6,6,6,6,NA,NA,NA,NA,2016-02-05 09:07:00,0.0
2016-02-05 21:00:00,DCNN,8825,12,1,AWSDLY,1345,1011,7.5,6.7,NA,NA,6,6,NA,NA,NA,NA,NA,NA,2016-02-05 22:11:00,0.0
2016-02-06 09:00:00,DCNN,8825,12,1,AWSDLY,1345,1011,8.7,5.6,5.4,5.4,6,6,6,6,NA,NA,NA,NA,2016-02-06 10:11:00,0.0
2016-02-06 21:00:00,DCNN,8825,12,1,AWSDLY,1345,1011,8.7,3.5,NA,NA,6,6,NA,NA,NA,NA,NA,NA,2016-02-06 21:09:00,0.0
2016-02-07 09:00:00,DCNN,8825,12,1,AWSDLY,1345,1011,4.2,0.9,0.1,0.0,6,6,6,6,NA,NA,NA,NA,2016-02-07 09:07:00,0.0
2016-02-07 21:00:00,DCNN,8825,12,1,AWSDLY,1345,1011,8.0,2.7,NA,NA,6,6,NA,NA,NA,NA,NA,NA,2016-02-07 21:07:00,0.0
2016-02-08 09:00:00,DCNN,8825,12,1,AWSDLY,1345,1011,7.8,2.1,1.1,0.7,6,6,6,6,NA,NA,NA,NA,2016-02-08 09:06:00,0.0
2016-02-08 21:00:00,DCNN,8825,12,1,AWSDLY,1345,1011,5.4,2.5,NA,NA,6,6,NA,NA,NA,NA,NA,NA,2016-02-08 21:11:00,0.0
2016-02-09 09:00:00,DCNN,8825,12,1,AWSDLY,1345,1011,3.0,1.0,0.2,0.2,6,6,6,6,NA,NA,NA,NA,2016-02-09 09:08:00,0.0
2016-02-09 21:00:00,DCNN,8825,12,1,AWSDLY,1345,1011,3.5,0.9,NA,NA,6,6,NA,NA,NA,NA,NA,NA,2016-02-09 21:07:00,0.0
2016-02-10 09:00:00,DCNN,8825,12,1,AWSDLY,1345,1011,3.2,0.8,0.0,-0.1,6,6,6,6,NA,NA,NA,NA,2016-02-15 09:26:56,NA
2016-02-10 21:00:00,DCNN,8825,12,1,AWSDLY,1345,1011,3.7,1.0,NA,NA,6,6,NA,NA,NA,NA,NA,NA,2016-02-10 21:06:00,0.0
2016-02-11 09:00:00,DCNN,8825,12,1,AWSDLY,1345,1011,1.5,0.2,-1.5,-1.7,6,6,6,6,NA,NA,NA,NA,2016-02-11 09:07:00,0.0
2016-02-11 21:00:00,DCNN,8825,12,1,AWSDLY,1345,1011,6.5,0.8,NA,NA,6,6,NA,NA,NA,NA,NA,NA,2016-02-11 21:07:00,0.0
2016-02-12 09:00:00,DCNN,8825,12,1,AWSDLY,1345,1011,3.4,0.4,-0.7,-0.6,6,6,6,6,NA,NA,NA,NA,2016-02-12 09:09:00,0.0
2016-02-12 21:00:00,DCNN,8825,12,1,AWSDLY,1345,1011,4.3,3.2,NA,NA,6,6,NA,NA,NA,NA,NA,NA,2016-02-12 21:09:00,0.0
2016-02-13 09:00:00,DCNN,8825,12,1,AWSDLY,1345,1011,3.8,2.3,2.6,2.6,6,6,6,6,NA,NA,NA,NA,2016-02-13 09:07:00,0.0
2016-02-13 21:00:00,DCNN,8825,12,1,AWSDLY,1345,1011,2.3,1.1,NA,NA,6,6,NA,NA,NA,NA,NA,NA,2016-02-13 21:07:00,0.0
2016-02-14 09:00:00,DCNN,8825,12,1,AWSDLY,1345,1011,1.2,-0.3,0.0,0.0,6,6,6,6,NA,NA,NA,NA,2016-02-14 09:07:00,0.0
2016-02-14 21:00:00,DCNN,8825,12,1,AWSDLY,1345,1011,2.9,-0.3,NA,NA,6,6,NA,NA,NA,NA,NA,NA,2016-02-14 21:31:00,0.0
2016-02-15 09:00:00,DCNN,8825,12,1,AWSDLY,1345,1011,0.1,-2.4,-5.3,-5.0,6,6,6,6,NA,NA,NA,NA,2016-02-15 09:07:00,0.0
2016-02-15 21:00:00,DCNN,8825,12,1,AWSDLY,1345,1011,3.2,-4.0,NA,NA,6,6,NA,NA,NA,NA,NA,NA,2016-02-15 21:07:00,0.0
2016-02-16 09:00:00,DCNN,8825,12,1,AWSDLY,1345,1011,1.3,-4.8,-7.2,-6.1,6,6,6,6,NA,NA,NA,NA,2016-02-16 09:07:00,0.0
2016-02-16 21:00:00,DCNN,8825,12,1,AWSDLY,1345,1011,4.9,1.3,NA,NA,6,6,NA,NA,NA,NA,NA,NA,2016-02-16 21:06:00,0.0
2016-02-17 09:00:00,DCNN,8825,12,1,AWSDLY,1345,1011,4.7,3.9,3.3,3.3,6,6,6,6,NA,NA,NA,NA,2016-02-17 10:20:00,0.0
2016-02-17 21:00:00,DCNN,8825,12,1,AWSDLY,1345,1011,5.8,2.3,NA,NA,6,6,NA,NA,NA,NA,NA,NA,2016-02-17 21:06:00,0.0
2016-02-18 09:00:00,DCNN,8825,12,1,AWSDLY,1345,1011,2.5,-1.3,-3.7,-3.6,6,6,6,6,NA,NA,NA,NA,2016-02-18 09:06:00,0.0
2016-02-18 21:00:00,DCNN,8825,12,1,AWSDLY,1345,1011,5.7,0.9,NA,NA,6,6,NA,NA,NA,NA,NA,NA,2016-02-18 21:06:00,0.0
2016-02-19 09:00:00,DCNN,8825,12,1,AWSDLY,1345,1011,2.6,0.5,-1.2,-1.1,6,6,6,6,NA,NA,NA,NA,2016-02-19 09:06:00,0.0
2016-02-19 21:00:00,DCNN,8825,12,1,AWSDLY,1345,1011,7.6,2.6,NA,NA,6,6,NA,NA,NA,NA,NA,NA,2016-02-19 21:06:00,0.0
2016-02-20 09:00:00,DCNN,8825,12,1,AWSDLY,1345,1011,7.4,6.7,6.6,6.5,6,6,6,6,NA,NA,NA,NA,2016-02-20 09:06:00,0.0
2016-02-20 21:00:00,DCNN,8825,12,1,AWSDLY,1345,1011,9.0,7.4,NA,NA,6,6,NA,NA,NA,NA,NA,NA,2016-02-20 21:06:00,0.0
2016-02-21 09:00:00,DCNN,8825,12,1,AWSDLY,1345,1011,9.0,8.1,8.2,8.0,6,6,6,6,NA,NA,NA,NA,2016-02-21 09:06:00,0.0
2016-02-21 21:00:00,DCNN,8825,12,1,AWSDLY,1345,1011,10.4,8.3,NA,NA,6,6,NA,NA,NA,NA,NA,NA,2016-02-21 21:08:00,0.0
2016-02-22 09:00:00,DCNN,8825,12,1,AWSDLY,1345,1011,8.5,4.7,5.2,5.4,6,6,6,6,NA,NA,NA,NA,2016-02-22 09:06:00,0.0
2016-02-22 21:00:00,DCNN,8825,12,1,AWSDLY,1345,1011,4.9,2.1,NA,NA,6,6,NA,NA,NA,NA,NA,NA,2016-02-22 21:07:00,0.0
2016-02-23 09:00:00,DCNN,8825,12,1,AWSDLY,1345,1011,3.2,0.4,-1.6,-1.7,6,6,6,6,NA,NA,NA,NA,2016-02-23 09:06:00,0.0
2016-02-23 21:00:00,DCNN,8825,12,1,AWSDLY,1345,1011,6.7,-1.2,NA,NA,6,6,NA,NA,NA,NA,NA,NA,2016-02-23 21:06:00,0.0
2016-02-24 09:00:00,DCNN,8825,12,1,AWSDLY,1345,1011,0.5,-2.8,-4.8,-4.6,6,6,6,6,NA,NA,NA,NA,2016-02-24 09:07:00,0.0
2016-02-24 21:00:00,DCNN,8825,12,1,AWSDLY,1345,1011,5.1,-2.7,NA,NA,6,6,NA,NA,NA,NA,NA,NA,2016-02-24 21:08:00,0.0
2016-02-25 09:00:00,DCNN,8825,12,1,AWSDLY,1345,1011,1.6,-3.6,-6.9,-5.9,6,6,6,6,NA,NA,NA,NA,2016-02-25 09:08:00,69.0
2016-02-25 21:00:00,DCNN,8825,12,1,AWSDLY,1345,1011,5.7,-0.9,NA,NA,6,6,NA,NA,NA,NA,NA,NA,2016-02-25 21:07:00,0.0
2016-02-26 09:00:00,DCNN,8825,12,1,AWSDLY,1345,1011,2.6,-0.9,-2.8,-1.9,6,6,6,6,NA,NA,NA,NA,2016-02-26 09:07:00,0.0
2016-02-26 21:00:00,DCNN,8825,12,1,AWSDLY,1345,1011,4.9,1.9,NA,NA,6,6,NA,NA,NA,NA,NA,NA,2016-02-26 21:07:00,0.0
2016-02-27 09:00:00,DCNN,8825,12,1,AWSDLY,1345,1011,2.6,0.6,0.3,0.3,6,6,6,6,NA,NA,NA,NA,2016-02-27 09:07:00,0.0
2016-02-27 21:00:00,DCNN,8825,12,1,AWSDLY,1345,1011,3.8,0.7,NA,NA,6,6,NA,NA,NA,NA,NA,NA,2016-02-27 21:06:00,0.0
2016-02-28 09:00:00,DCNN,8825,12,1,AWSDLY,1345,1011,0.9,-0.8,-1.9,-1.7,6,6,6,6,NA,NA,NA,NA,2016-02-28 09:07:00,0.0
2016-02-28 21:00:00,DCNN,8825,12,1,AWSDLY,1345,1011,5.3,0.9,NA,NA,6,6,NA,NA,NA,NA,NA,NA,2016-02-28 21:07:00,0.0
2016-02-29 09:00:00,DCNN,8825,12,1,AWSDLY,1345,1011,1.3,-5.0,-7.4,-6.4,6,6,6,6,NA,NA,NA,NA,2016-02-29 09:09:00,0.0
2016-02-29 21:00:00,DCNN,8825,12,1,AWSDLY,1345,1011,5.0,0.7,NA,NA,6,6,NA,NA,NA,NA,NA,NA,2016-02-29 21:10:00,0.0
2016-03-01 09:00:00,DCNN,8825,12,1,AWSDLY,1345,1011,8.1,3.6,2.4,2.5,6,6,6,6,NA,NA,NA,NA,2016-03-01 09:07:00,0.0
2016-03-01 21:00:00,DCNN,8825,12,1,AWSDLY,1345,1011,8.8,5.0,NA,NA,6,6,NA,NA,NA,NA,NA,NA,2016-03-01 21:08:00,0.0
2016-03-02 09:00:00,DCNN,8825,12,1,AWSDLY,1345,1011,5.5,2.1,0.4,0.4,6,6,6,6,NA,NA,NA,NA,2016-03-02 09:07:00,0.0
2016-03-02 21:00:00,DCNN,8825,12,1,AWSDLY,1345,1011,5.0,-0.3,NA,NA,6,6,NA,NA,NA,NA,NA,NA,2016-03-02 21:07:00,0.0
2016-03-03 09:00:00,DCNN,8825,12,1,AWSDLY,1345,1011,4.4,3.0,2.0,1.9,6,6,6,6,NA,NA,NA,NA,2016-03-03 09:09:00,0.0
2016-03-03 21:00:00,DCNN,8825,12,1,AWSDLY,1345,1011,7.3,3.6,NA,NA,6,6,NA,NA,NA,NA,NA,NA,2016-03-03 21:08:00,0.0
2016-03-04 09:00:00,DCNN,8825,12,1,AWSDLY,1345,1011,5.0,-0.3,-2.1,-2.1,6,6,6,6,NA,NA,NA,NA,2016-03-04 09:10:00,0.0
2016-03-04 21:00:00,DCNN,8825,12,1,AWSDLY,1345,1011,4.4,0.3,NA,NA,6,6,NA,NA,NA,NA,NA,NA,2016-03-04 21:06:00,0.0
2016-03-05 09:00:00,DCNN,8825,12,1,AWSDLY,1345,1011,2.0,0.6,0.1,0.2,6,6,6,6,NA,NA,NA,NA,2016-03-05 09:08:00,0.0
2016-03-05 21:00:00,DCNN,8825,12,1,AWSDLY,1345,1011,5.2,1.3,NA,NA,6,6,NA,NA,NA,NA,NA,NA,2016-03-05 21:10:00,0.0
2016-03-06 09:00:00,DCNN,8825,12,1,AWSDLY,1345,1011,1.6,0.3,-1.2,-1.2,6,6,6,6,NA,NA,NA,NA,2016-03-06 09:08:00,0.0
2016-03-06 21:00:00,DCNN,8825,12,1,AWSDLY,1345,1011,3.6,0.3,NA,NA,6,6,NA,NA,NA,NA,NA,NA,2016-03-06 21:08:00,0.0
2016-03-07 09:00:00,DCNN,8825,12,1,AWSDLY,1345,1011,1.1,-2.0,-4.8,-4.2,6,6,6,6,NA,NA,NA,NA,2016-03-07 09:09:00,0.0
2016-03-07 21:00:00,DCNN,8825,12,1,AWSDLY,1345,1011,4.8,0.5,NA,NA,6,1006,NA,NA,NA,NA,NA,NA,2016-03-07 21:07:00,0.0
2016-03-08 09:00:00,DCNN,8825,12,1,AWSDLY,1345,1011,3.7,1.5,0.1,0.2,6,6,6,6,NA,NA,NA,NA,2016-03-08 09:31:00,20.0
2016-03-08 21:00:00,DCNN,8825,12,1,AWSDLY,1345,1011,8.0,3.7,NA,NA,6,6,NA,NA,NA,NA,NA,NA,2016-03-08 21:11:00,0.0
2016-03-09 09:00:00,DCNN,8825,12,1,AWSDLY,1345,1011,7.9,1.8,1.9,1.9,6,6,6,6,NA,NA,NA,NA,2016-03-09 09:07:00,0.0
2016-03-09 21:00:00,DCNN,8825,12,1,AWSDLY,1345,1011,4.0,2.4,NA,NA,6,6,NA,NA,NA,NA,NA,NA,2016-03-09 21:25:00,0.0
2016-03-10 09:00:00,DCNN,8825,12,1,AWSDLY,1345,1011,4.4,0.7,-2.7,-2.8,6,6,6,6,NA,NA,NA,NA,2016-03-10 09:11:00,0.0
2016-03-10 21:00:00,DCNN,8825,12,1,AWSDLY,1345,1011,8.0,0.2,NA,NA,6,6,NA,NA,NA,NA,NA,NA,2016-03-10 21:07:00,0.0
2016-03-11 09:00:00,DCNN,8825,12,1,AWSDLY,1345,1011,4.8,-1.4,-3.5,-3.4,6,6,6,6,NA,NA,NA,NA,2016-03-11 09:23:00,28.0
2016-03-11 21:00:00,DCNN,8825,12,1,AWSDLY,1345,1011,9.9,2.0,NA,NA,6,6,NA,NA,NA,NA,NA,NA,2016-03-11 21:07:00,0.0
2016-03-12 09:00:00,DCNN,8825,12,1,AWSDLY,1345,1011,6.1,0.6,-1.2,-1.0,6,6,6,6,NA,NA,NA,NA,2016-03-12 09:07:00,0.0
2016-03-12 21:00:00,DCNN,8825,12,1,AWSDLY,1345,1011,9.5,2.5,NA,NA,6,6,NA,NA,NA,NA,NA,NA,2016-03-12 21:07:00,0.0
2016-03-13 09:00:00,DCNN,8825,12,1,AWSDLY,1345,1011,6.1,0.3,-2.9,-2.6,6,6,6,6,NA,NA,NA,NA,2016-03-13 09:07:00,0.0
2016-03-13 21:00:00,DCNN,8825,12,1,AWSDLY,1345,1011,10.0,3.2,NA,NA,6,6,NA,NA,NA,NA,NA,NA,2016-03-13 21:07:00,0.0
2016-03-14 09:00:00,DCNN,8825,12,1,AWSDLY,1345,1011,3.4,-0.5,-1.3,-1.3,6,6,6,6,NA,NA,NA,NA,2016-03-14 09:08:00,0.0
2016-03-14 21:00:00,DCNN,8825,12,1,AWSDLY,1345,1011,7.4,0.2,NA,NA,6,6,NA,NA,NA,NA,NA,NA,2016-03-14 21:08:00,0.0
2016-03-15 09:00:00,DCNN,8825,12,1,AWSDLY,1345,1011,3.2,-0.2,-0.9,-0.8,6,6,6,6,NA,NA,NA,NA,2016-03-15 09:07:00,0.0
2016-03-15 21:00:00,DCNN,8825,12,1,AWSDLY,1345,1011,10.2,1.7,NA,NA,6,6,NA,NA,NA,NA,NA,NA,2016-03-15 21:08:00,0.0
2016-03-16 09:00:00,DCNN,8825,12,1,AWSDLY,1345,1011,4.9,3.9,3.6,3.8,6,6,6,6,NA,NA,NA,NA,2016-03-16 09:07:00,0.0
2016-03-16 21:00:00,DCNN,8825,12,1,AWSDLY,1345,1011,8.4,2.1,NA,NA,6,6,NA,NA,NA,NA,NA,NA,2016-03-16 21:07:00,0.0
2016-03-17 09:00:00,DCNN,8825,12,1,AWSDLY,1345,1011,2.7,-0.6,-2.6,-2.5,6,6,6,6,NA,NA,NA,NA,2016-03-17 09:07:00,0.0
2016-03-17 21:00:00,DCNN,8825,12,1,AWSDLY,1345,1011,8.5,1.2,NA,NA,6,6,NA,NA,NA,NA,NA,NA,2016-03-17 21:07:00,0.0
2016-03-18 09:00:00,DCNN,8825,12,1,AWSDLY,1345,1011,4.1,-2.5,-4.6,-4.7,6,6,6,6,NA,NA,NA,NA,2016-03-18 09:06:00,0.0
2016-03-18 21:00:00,DCNN,8825,12,1,AWSDLY,1345,1011,8.6,1.7,NA,NA,6,6,NA,NA,NA,NA,NA,NA,2016-03-18 21:07:00,0.0
2016-03-19 09:00:00,DCNN,8825,12,1,AWSDLY,1345,1011,3.1,1.8,1.9,2.1,6,6,6,6,NA,NA,NA,NA,2016-03-19 09:07:00,0.0
2016-03-19 21:00:00,DCNN,8825,12,1,AWSDLY,1345,1011,4.5,2.4,NA,NA,6,6,NA,NA,NA,NA,NA,NA,2016-03-19 21:07:00,0.0
2016-03-20 09:00:00,DCNN,8825,12,1,AWSDLY,1345,1011,3.8,1.6,1.7,1.9,6,6,6,6,NA,NA,NA,NA,2016-03-20 09:07:00,0.0
2016-03-20 21:00:00,DCNN,8825,12,1,AWSDLY,1345,1011,3.7,1.2,NA,NA,6,6,NA,NA,NA,NA,NA,NA,2016-03-20 21:08:00,0.0
2016-03-21 09:00:00,DCNN,8825,12,1,AWSDLY,1345,1011,5.2,-2.7,-5.1,-4.7,6,6,6,6,NA,NA,NA,NA,2016-03-21 09:07:00,0.0
2016-03-21 21:00:00,DCNN,8825,12,1,AWSDLY,1345,1011,9.5,0.9,NA,NA,6,6,NA,NA,NA,NA,NA,NA,2016-03-21 21:08:00,0.0
2016-03-22 09:00:00,DCNN,8825,12,1,AWSDLY,1345,1011,4.4,-0.4,-2.6,-2.0,6,6,6,6,NA,NA,NA,NA,2016-03-22 09:07:00,0.0
2016-03-22 21:00:00,DCNN,8825,12,1,AWSDLY,1345,1011,9.5,4.0,NA,NA,6,6,NA,NA,NA,NA,NA,NA,2016-03-22 21:14:00,0.0
2016-03-23 09:00:00,DCNN,8825,12,1,AWSDLY,1345,1011,4.4,-1.3,-3.3,-2.3,6,6,6,6,NA,NA,NA,NA,2016-03-23 09:09:00,0.0
2016-03-23 21:00:00,DCNN,8825,12,1,AWSDLY,1345,1011,8.5,2.6,NA,NA,6,6,NA,NA,NA,NA,NA,NA,2016-03-23 21:07:00,0.0
2016-03-24 09:00:00,DCNN,8825,12,1,AWSDLY,1345,1011,6.4,3.8,0.5,1.5,6,6,6,6,NA,NA,NA,NA,2016-03-24 09:09:00,0.0
2016-03-24 21:00:00,DCNN,8825,12,1,AWSDLY,1345,1011,7.3,6.1,NA,NA,6,6,NA,NA,NA,NA,NA,NA,2016-03-24 21:02:00,0.0
2016-03-25 09:00:00,DCNN,8825,12,1,AWSDLY,1345,1011,7.3,3.5,2.9,2.8,6,6,6,6,NA,NA,NA,NA,2016-03-25 09:07:00,0.0
2016-03-25 21:00:00,DCNN,8825,12,1,AWSDLY,1345,1011,13.0,4.2,NA,NA,6,6,NA,NA,NA,NA,NA,NA,2016-03-25 21:09:00,0.0
2016-03-26 09:00:00,DCNN,8825,12,1,AWSDLY,1345,1011,9.6,4.3,3.4,3.9,6,6,6,6,NA,NA,NA,NA,2016-03-26 11:07:00,0.0
2016-03-26 21:00:00,DCNN,8825,12,1,AWSDLY,1345,1011,10.0,3.4,NA,NA,6,6,NA,NA,NA,NA,NA,NA,2016-03-26 21:06:00,0.0
2016-03-27 09:00:00,DCNN,8825,12,1,AWSDLY,1345,1011,5.0,2.2,1.4,1.2,6,6,6,6,NA,NA,NA,NA,2016-03-27 09:06:00,0.0
2016-03-27 21:00:00,DCNN,8825,12,1,AWSDLY,1345,1011,7.6,1.9,NA,NA,6,6,NA,NA,NA,NA,NA,NA,2016-03-27 21:22:00,0.0
2016-03-28 09:00:00,DCNN,8825,12,1,AWSDLY,1345,1011,8.7,1.6,1.4,1.6,6,6,6,6,NA,NA,NA,NA,2016-03-28 09:07:00,0.0
2016-03-28 21:00:00,DCNN,8825,12,1,AWSDLY,1345,1011,8.0,2.4,NA,NA,6,6,NA,NA,NA,NA,NA,NA,2016-03-28 21:08:00,0.0
2016-03-29 09:00:00,DCNN,8825,12,1,AWSDLY,1345,1011,5.9,1.7,0.8,0.6,6,6,6,6,NA,NA,NA,NA,2016-03-29 09:06:00,0.0
2016-03-29 21:00:00,DCNN,8825,12,1,AWSDLY,1345,1011,7.0,1.9,NA,NA,6,6,NA,NA,NA,NA,NA,NA,2016-03-29 21:07:00,0.0
2016-03-30 09:00:00,DCNN,8825,12,1,AWSDLY,1345,1011,6.0,2.1,1.3,1.1,6,6,6,6,NA,NA,NA,NA,2016-03-30 09:11:00,0.0
2016-03-30 21:00:00,DCNN,8825,12,1,AWSDLY,1345,1011,8.6,2.1,NA,NA,6,6,NA,NA,NA,NA,NA,NA,2016-03-30 21:08:00,0.0
2016-03-31 09:00:00,DCNN,8825,12,1,AWSDLY,1345,1011,5.2,0.8,-1.1,-1.7,6,6,6,6,NA,NA,NA,NA,2016-03-31 09:24:00,27.0
2016-03-31 21:00:00,DCNN,8825,12,1,AWSDLY,1345,1011,9.5,2.2,NA,NA,6,6,NA,NA,NA,NA,NA,NA,2016-03-31 21:07:00,0.0
2016-04-01 09:00:00,DCNN,8825,12,1,AWSDLY,1345,1011,5.8,-0.8,-3.4,-3.2,6,6,6,6,NA,NA,NA,NA,2016-04-01 09:08:00,0.0
2016-04-01 21:00:00,DCNN,8825,12,1,AWSDLY,1345,1011,8.0,5.6,NA,NA,6,6,NA,NA,NA,NA,NA,NA,2016-04-01 21:08:00,0.0
2016-04-02 09:00:00,DCNN,8825,12,1,AWSDLY,1345,1011,6.5,5.9,5.6,5.5,6,6,6,6,NA,NA,NA,NA,2016-04-02 09:07:00,0.0
2016-04-02 21:00:00,DCNN,8825,12,1,AWSDLY,1345,1011,10.2,4.7,NA,NA,6,6,NA,NA,NA,NA,NA,NA,2016-04-02 21:07:00,0.0
2016-04-03 09:00:00,DCNN,8825,12,1,AWSDLY,1345,1011,6.4,3.7,3.2,3.3,6,6,6,6,NA,NA,NA,NA,2016-04-03 09:23:00,28.0
2016-04-03 21:00:00,DCNN,8825,12,1,AWSDLY,1345,1011,9.5,4.9,NA,NA,6,6,NA,NA,NA,NA,NA,NA,2016-04-03 21:35:00,0.0
2016-04-04 09:00:00,DCNN,8825,12,1,AWSDLY,1345,1011,7.2,2.9,2.1,2.2,6,6,6,6,NA,NA,NA,NA,2016-04-04 09:07:00,0.0
2016-04-04 21:00:00,DCNN,8825,12,1,AWSDLY,1345,1011,9.8,4.6,NA,NA,6,6,NA,NA,NA,NA,NA,NA,2016-04-04 21:06:00,0.0
2016-04-05 09:00:00,DCNN,8825,12,1,AWSDLY,1345,1011,8.0,4.7,3.0,3.5,6,6,6,6,NA,NA,NA,NA,2016-04-05 09:06:00,0.0
2016-04-05 21:00:00,DCNN,8825,12,1,AWSDLY,1345,1011,11.5,5.8,NA,NA,6,6,NA,NA,NA,NA,NA,NA,2016-04-05 21:06:00,0.0
2016-04-06 09:00:00,DCNN,8825,12,1,AWSDLY,1345,1011,7.2,4.8,3.7,4.0,6,6,6,6,NA,NA,NA,NA,2016-04-06 09:07:00,0.0
2016-04-06 21:00:00,DCNN,8825,12,1,AWSDLY,1345,1011,7.5,3.0,NA,NA,6,6,NA,NA,NA,NA,NA,NA,2016-04-06 22:13:00,0.0
2016-04-07 09:00:00,DCNN,8825,12,1,AWSDLY,1345,1011,4.9,1.5,0.7,0.3,6,6,6,6,NA,NA,NA,NA,2016-04-07 09:07:00,0.0
2016-04-07 21:00:00,DCNN,8825,12,1,AWSDLY,1345,1011,7.1,4.4,NA,NA,6,6,NA,NA,NA,NA,NA,NA,2016-04-07 21:07:00,0.0
2016-04-08 09:00:00,DCNN,8825,12,1,AWSDLY,1345,1011,6.4,4.2,3.7,3.7,6,6,6,6,NA,NA,NA,NA,2016-04-08 09:08:00,0.0
2016-04-08 21:00:00,DCNN,8825,12,1,AWSDLY,1345,1011,9.3,5.4,NA,NA,6,6,NA,NA,NA,NA,NA,NA,2016-04-08 21:06:00,0.0
2016-04-09 09:00:00,DCNN,8825,12,1,AWSDLY,1345,1011,7.2,1.2,0.2,0.1,6,6,6,6,NA,NA,NA,NA,2016-04-09 09:09:00,0.0
2016-04-09 21:00:00,DCNN,8825,12,1,AWSDLY,1345,1011,6.5,0.4,NA,NA,6,6,NA,NA,NA,NA,NA,NA,2016-04-09 21:07:00,0.0
2016-04-10 09:00:00,DCNN,8825,12,1,AWSDLY,1345,1011,5.1,-0.7,-1.5,-1.3,6,6,6,6,NA,NA,NA,NA,2016-04-10 09:06:00,0.0
2016-04-10 21:00:00,DCNN,8825,12,1,AWSDLY,1345,1011,8.0,4.6,NA,NA,6,6,NA,NA,NA,NA,NA,NA,2016-04-10 21:07:00,0.0
2016-04-11 09:00:00,DCNN,8825,12,1,AWSDLY,1345,1011,7.7,5.7,5.3,5.4,6,6,6,6,NA,NA,NA,NA,2016-04-11 09:08:00,0.0
2016-04-11 21:00:00,DCNN,8825,12,1,AWSDLY,1345,1011,14.8,3.2,NA,NA,6,6,NA,NA,NA,NA,NA,NA,2016-04-11 21:08:00,0.0
2016-04-12 09:00:00,DCNN,8825,12,1,AWSDLY,1345,1011,10.2,0.1,-1.6,-1.0,6,6,6,6,NA,NA,NA,NA,2016-04-12 09:08:00,0.0
2016-04-12 21:00:00,DCNN,8825,12,1,AWSDLY,1345,1011,14.1,3.2,NA,NA,6,6,NA,NA,NA,NA,NA,NA,2016-04-12 21:06:00,0.0
2016-04-13 09:00:00,DCNN,8825,12,1,AWSDLY,1345,1011,10.7,1.7,-1.2,0.5,6,6,6,6,NA,NA,NA,NA,2016-04-13 09:08:00,0.0
2016-04-13 21:00:00,DCNN,8825,12,1,AWSDLY,1345,1011,13.9,6.1,NA,NA,6,6,NA,NA,NA,NA,NA,NA,2016-04-13 21:06:00,0.0
2016-04-14 09:00:00,DCNN,8825,12,1,AWSDLY,1345,1011,8.2,4.5,3.6,3.8,6,6,6,6,NA,NA,NA,NA,2016-04-14 09:08:00,0.0
2016-04-14 21:00:00,DCNN,8825,12,1,AWSDLY,1345,1011,12.1,6.3,NA,NA,6,6,NA,NA,NA,NA,NA,NA,2016-04-14 21:08:00,0.0
2016-04-15 09:00:00,DCNN,8825,12,1,AWSDLY,1345,1011,7.5,6.0,5.8,6.0,6,6,6,6,NA,NA,NA,NA,2016-04-15 09:07:00,0.0
2016-04-15 21:00:00,DCNN,8825,12,1,AWSDLY,1345,1011,9.0,4.9,NA,NA,6,6,NA,NA,NA,NA,NA,NA,2016-04-15 21:07:00,0.0
2016-04-16 09:00:00,DCNN,8825,12,1,AWSDLY,1345,1011,5.0,0.5,-1.0,-0.7,6,6,6,6,NA,NA,NA,NA,2016-04-16 09:06:00,0.0
2016-04-16 21:00:00,DCNN,8825,12,1,AWSDLY,1345,1011,6.7,1.9,NA,NA,6,6,NA,NA,NA,NA,NA,NA,2016-04-16 22:16:00,164.0
2016-04-17 09:00:00,DCNN,8825,12,1,AWSDLY,1345,1011,4.7,-2.2,-5.0,-3.9,6,6,6,6,NA,NA,NA,NA,2016-04-17 09:07:00,0.0
2016-04-17 21:00:00,DCNN,8825,12,1,AWSDLY,1345,1011,8.3,0.6,NA,NA,6,6,NA,NA,NA,NA,NA,NA,2016-04-17 21:06:00,0.0
2016-04-18 09:00:00,DCNN,8825,12,1,AWSDLY,1345,1011,5.4,-0.3,-2.6,-2.0,6,6,6,6,NA,NA,NA,NA,2016-04-18 09:16:00,0.0
2016-04-18 21:00:00,DCNN,8825,12,1,AWSDLY,1345,1011,7.5,3.6,NA,NA,6,6,NA,NA,NA,NA,NA,NA,2016-04-18 21:07:00,0.0
2016-04-19 09:00:00,DCNN,8825,12,1,AWSDLY,1345,1011,9.5,-0.1,-1.6,-1.3,6,6,6,6,NA,NA,NA,NA,2016-04-19 09:07:00,0.0
2016-04-19 21:00:00,DCNN,8825,12,1,AWSDLY,1345,1011,13.6,5.1,NA,NA,6,6,NA,NA,NA,NA,NA,NA,2016-04-19 21:07:00,0.0
2016-04-20 09:00:00,DCNN,8825,12,1,AWSDLY,1345,1011,7.6,3.3,2.6,2.4,6,6,6,6,NA,NA,NA,NA,2016-04-20 09:08:00,0.0
2016-04-20 21:00:00,DCNN,8825,12,1,AWSDLY,1345,1011,13.5,5.9,NA,NA,6,6,NA,NA,NA,NA,NA,NA,2016-04-20 21:07:00,0.0
2016-04-21 09:00:00,DCNN,8825,12,1,AWSDLY,1345,1011,7.0,5.5,4.9,5.6,6,6,6,6,NA,NA,NA,NA,2016-04-21 09:08:00,0.0
2016-04-21 21:00:00,DCNN,8825,12,1,AWSDLY,1345,1011,11.4,6.8,NA,NA,6,6,NA,NA,NA,NA,NA,NA,2016-04-21 21:07:00,0.0
2016-04-22 09:00:00,DCNN,8825,12,1,AWSDLY,1345,1011,8.5,4.3,4.2,4.5,6,6,6,6,NA,NA,NA,NA,2016-04-22 09:07:00,0.0
2016-04-22 21:00:00,DCNN,8825,12,1,AWSDLY,1345,1011,5.7,4.3,NA,NA,6,6,NA,NA,NA,NA,NA,NA,2016-04-22 21:06:00,0.0
2016-04-23 09:00:00,DCNN,8825,12,1,AWSDLY,1345,1011,5.6,2.2,1.7,1.9,6,6,6,6,NA,NA,NA,NA,2016-04-23 09:07:00,0.0
2016-04-23 21:00:00,DCNN,8825,12,1,AWSDLY,1345,1011,9.0,3.8,NA,NA,6,6,NA,NA,NA,NA,NA,NA,2016-04-23 21:07:00,0.0
2016-04-24 09:00:00,DCNN,8825,12,1,AWSDLY,1345,1011,6.3,2.2,1.1,1.3,6,6,6,6,NA,NA,NA,NA,2016-04-24 09:07:00,0.0
2016-04-24 21:00:00,DCNN,8825,12,1,AWSDLY,1345,1011,9.5,3.1,NA,NA,6,6,NA,NA,NA,NA,NA,NA,2016-04-24 21:07:00,0.0
2016-04-25 09:00:00,DCNN,8825,12,1,AWSDLY,1345,1011,5.7,3.4,1.6,2.9,6,6,6,6,NA,NA,NA,NA,2016-04-25 09:09:00,0.0
2016-04-25 21:00:00,DCNN,8825,12,1,AWSDLY,1345,1011,8.0,4.6,NA,NA,6,6,NA,NA,NA,NA,NA,NA,2016-04-25 21:07:00,0.0
2016-04-26 09:00:00,DCNN,8825,12,1,AWSDLY,1345,1011,4.6,0.4,-0.3,-0.2,6,6,6,6,NA,NA,NA,NA,2016-04-26 09:09:00,0.0
2016-04-26 21:00:00,DCNN,8825,12,1,AWSDLY,1345,1011,6.2,0.4,NA,NA,6,6,NA,NA,NA,NA,NA,NA,2016-04-26 21:07:00,0.0
2016-04-27 09:00:00,DCNN,8825,12,1,AWSDLY,1345,1011,4.8,0.1,-1.8,-1.2,6,6,6,6,NA,NA,NA,NA,2016-04-27 09:09:00,0.0
2016-04-27 21:00:00,DCNN,8825,12,1,AWSDLY,1345,1011,5.8,0.6,NA,NA,6,6,NA,NA,NA,NA,NA,NA,2016-04-27 21:07:00,0.0
2016-04-28 09:00:00,DCNN,8825,12,1,AWSDLY,1345,1011,6.5,-1.1,-3.0,-2.8,6,6,6,6,NA,NA,NA,NA,2016-04-28 09:12:00,0.0
2016-04-28 21:00:00,DCNN,8825,12,1,AWSDLY,1345,1011,10.5,4.5,NA,NA,6,6,NA,NA,NA,NA,NA,NA,2016-04-28 21:06:00,0.0
2016-04-29 09:00:00,DCNN,8825,12,1,AWSDLY,1345,1011,5.0,1.7,0.9,0.6,6,6,6,6,NA,NA,NA,NA,2016-04-29 09:08:00,0.0
2016-04-29 21:00:00,DCNN,8825,12,1,AWSDLY,1345,1011,8.4,1.6,NA,NA,6,6,NA,NA,NA,NA,NA,NA,2016-04-29 21:06:00,0.0
2016-04-30 09:00:00,DCNN,8825,12,1,AWSDLY,1345,1011,6.5,0.0,-1.8,-1.7,6,6,6,6,NA,NA,NA,NA,2016-04-30 09:06:00,0.0
2016-04-30 21:00:00,DCNN,8825,12,1,AWSDLY,1345,1011,9.3,3.0,NA,NA,6,6,NA,NA,NA,NA,NA,NA,2016-04-30 21:06:00,0.0
2016-05-01 09:00:00,DCNN,8825,12,1,AWSDLY,1345,1011,8.7,1.4,-0.7,0.5,6,6,6,6,NA,NA,NA,NA,2016-05-01 09:06:00,0.0
2016-05-01 21:00:00,DCNN,8825,12,1,AWSDLY,1345,1011,11.3,8.1,NA,NA,6,6,NA,NA,NA,NA,NA,NA,2016-05-01 21:06:00,0.0
2016-05-02 09:00:00,DCNN,8825,12,1,AWSDLY,1345,1011,10.2,8.0,8.0,8.0,6,6,6,6,NA,NA,NA,NA,2016-05-02 09:07:00,0.0
2016-05-02 21:00:00,DCNN,8825,12,1,AWSDLY,1345,1011,11.5,5.0,NA,NA,6,6,NA,NA,NA,NA,NA,NA,2016-05-02 21:08:00,0.0
2016-05-03 09:00:00,DCNN,8825,12,1,AWSDLY,1345,1011,8.6,3.1,1.4,1.3,6,6,6,6,NA,NA,NA,NA,2016-05-03 09:10:00,0.0
2016-05-03 21:00:00,DCNN,8825,12,1,AWSDLY,1345,1011,11.5,2.8,NA,NA,6,6,NA,NA,NA,NA,NA,NA,2016-05-03 21:06:00,0.0
2016-05-04 09:00:00,DCNN,8825,12,1,AWSDLY,1345,1011,10.5,0.4,-1.5,-0.4,6,6,6,6,NA,NA,NA,NA,2016-05-04 09:08:00,0.0
2016-05-04 21:00:00,DCNN,8825,12,1,AWSDLY,1345,1011,15.3,4.8,NA,NA,6,6,NA,NA,NA,NA,NA,NA,2016-05-04 21:06:00,0.0
2016-05-05 09:00:00,DCNN,8825,12,1,AWSDLY,1345,1011,14.8,3.2,2.3,2.8,6,6,6,6,NA,NA,NA,NA,2016-05-05 09:09:00,0.0
2016-05-05 21:00:00,DCNN,8825,12,1,AWSDLY,1345,1011,16.6,6.3,NA,NA,6,6,NA,NA,NA,NA,NA,NA,2016-05-05 21:06:00,0.0
2016-05-06 09:00:00,DCNN,8825,12,1,AWSDLY,1345,1011,14.9,4.3,1.9,3.4,6,6,6,6,NA,NA,NA,NA,2016-05-06 09:07:00,0.0
2016-05-06 21:00:00,DCNN,8825,12,1,AWSDLY,1345,1011,17.3,10.6,NA,NA,6,6,NA,NA,NA,NA,NA,NA,2016-05-06 21:07:00,0.0
2016-05-07 09:00:00,DCNN,8825,12,1,AWSDLY,1345,1011,15.0,9.8,9.4,9.5,6,6,6,6,NA,NA,NA,NA,2016-05-07 09:07:00,0.0
2016-05-07 21:00:00,DCNN,8825,12,1,AWSDLY,1345,1011,18.2,11.1,NA,NA,6,6,NA,NA,NA,NA,NA,NA,2016-05-07 21:06:00,0.0
2016-05-08 09:00:00,DCNN,8825,12,1,AWSDLY,1345,1011,16.7,10.2,10.0,10.0,6,6,6,6,NA,NA,NA,NA,2016-05-08 09:06:00,0.0
2016-05-08 21:00:00,DCNN,8825,12,1,AWSDLY,1345,1011,18.5,12.2,NA,NA,6,6,NA,NA,NA,NA,NA,NA,2016-05-08 21:07:00,0.0
2016-05-09 09:00:00,DCNN,8825,12,1,AWSDLY,1345,1011,13.5,10.4,9.9,9.9,6,6,6,6,NA,NA,NA,NA,2016-05-09 09:07:00,0.0
2016-05-09 21:00:00,DCNN,8825,12,1,AWSDLY,1345,1011,15.8,9.4,NA,NA,6,6,NA,NA,NA,NA,NA,NA,2016-05-09 21:07:00,0.0
2016-05-10 09:00:00,DCNN,8825,12,1,AWSDLY,1345,1011,14.5,9.1,6.9,6.4,6,6,6,6,NA,NA,NA,NA,2016-05-10 09:08:00,0.0
2016-05-10 21:00:00,DCNN,8825,12,1,AWSDLY,1345,1011,17.3,12.2,NA,NA,6,6,NA,NA,NA,NA,NA,NA,2016-05-10 21:07:00,0.0
2016-05-11 09:00:00,DCNN,8825,12,1,AWSDLY,1345,1011,12.3,7.0,5.7,6.3,6,6,6,6,NA,NA,NA,NA,2016-05-11 09:06:00,0.0
2016-05-11 21:00:00,DCNN,8825,12,1,AWSDLY,1345,1011,14.1,11.6,NA,NA,6,6,NA,NA,NA,NA,NA,NA,2016-05-11 21:06:00,0.0
2016-05-12 09:00:00,DCNN,8825,12,1,AWSDLY,1345,1011,12.8,10.6,10.2,10.4,6,6,6,6,NA,NA,NA,NA,2016-05-12 09:11:00,0.0
2016-05-12 21:00:00,DCNN,8825,12,1,AWSDLY,1345,1011,18.6,12.5,NA,NA,6,6,NA,NA,NA,NA,NA,NA,2016-05-12 21:07:00,0.0
2016-05-13 09:00:00,DCNN,8825,12,1,AWSDLY,1345,1011,14.5,9.3,6.2,6.8,6,6,6,6,NA,NA,NA,NA,2016-05-13 09:09:00,0.0
2016-05-13 21:00:00,DCNN,8825,12,1,AWSDLY,1345,1011,18.5,11.9,NA,NA,6,6,NA,NA,NA,NA,NA,NA,2016-05-13 21:07:00,0.0
2016-05-14 09:00:00,DCNN,8825,12,1,AWSDLY,1345,1011,11.9,5.3,4.9,5.3,6,6,6,6,NA,NA,NA,NA,2016-05-14 09:06:00,0.0
2016-05-14 21:00:00,DCNN,8825,12,1,AWSDLY,1345,1011,13.8,5.0,NA,NA,6,6,NA,NA,NA,NA,NA,NA,2016-05-14 21:07:00,0.0
2016-05-15 09:00:00,DCNN,8825,12,1,AWSDLY,1345,1011,9.4,1.4,-0.4,0.4,6,6,6,6,NA,NA,NA,NA,2016-05-15 09:08:00,0.0
2016-05-15 21:00:00,DCNN,8825,12,1,AWSDLY,1345,1011,14.1,7.9,NA,NA,6,6,NA,NA,NA,NA,NA,NA,2016-05-15 21:06:00,0.0
2016-05-16 09:00:00,DCNN,8825,12,1,AWSDLY,1345,1011,10.7,5.6,4.1,4.7,6,6,6,6,NA,NA,NA,NA,2016-05-16 09:07:00,0.0
2016-05-16 21:00:00,DCNN,8825,12,1,AWSDLY,1345,1011,12.5,7.2,NA,NA,6,6,NA,NA,NA,NA,NA,NA,2016-05-16 21:07:00,0.0
2016-05-17 09:00:00,DCNN,8825,12,1,AWSDLY,1345,1011,10.7,4.9,1.8,2.9,6,6,6,6,NA,NA,NA,NA,2016-05-17 09:07:00,0.0
2016-05-17 21:00:00,DCNN,8825,12,1,AWSDLY,1345,1011,13.7,9.6,NA,NA,6,6,NA,NA,NA,NA,NA,NA,2016-05-18 12:18:00,762.0
2016-05-18 09:00:00,DCNN,8825,12,1,AWSDLY,1345,1011,10.0,7.0,6.6,6.7,6,6,6,6,NA,NA,NA,NA,2016-05-18 12:29:00,0.0
2016-05-18 21:00:00,DCNN,8825,12,1,AWSDLY,1345,1011,11.7,7.0,NA,NA,6,6,NA,NA,NA,NA,NA,NA,2016-05-18 21:07:00,0.0
2016-05-19 09:00:00,DCNN,8825,12,1,AWSDLY,1345,1011,11.7,6.3,5.1,5.2,6,6,6,6,NA,NA,NA,NA,2016-05-19 19:05:00,0.0
2016-05-19 21:00:00,DCNN,8825,12,1,AWSDLY,1345,1011,13.8,10.1,NA,NA,6,6,NA,NA,NA,NA,NA,NA,2016-05-19 21:06:00,0.0
2016-05-20 09:00:00,DCNN,8825,12,1,AWSDLY,1345,1011,10.7,8.6,7.7,7.9,6,6,6,6,NA,NA,NA,NA,2016-05-20 09:08:00,0.0
2016-05-20 21:00:00,DCNN,8825,12,1,AWSDLY,1345,1011,15.2,10.6,NA,NA,6,6,NA,NA,NA,NA,NA,NA,2016-05-20 21:06:00,0.0
2016-05-21 09:00:00,DCNN,8825,12,1,AWSDLY,1345,1011,12.1,10.2,10.2,10.3,6,6,6,6,NA,NA,NA,NA,2016-05-21 09:06:00,0.0
2016-05-21 21:00:00,DCNN,8825,12,1,AWSDLY,1345,1011,12.5,8.9,NA,NA,6,6,NA,NA,NA,NA,NA,NA,2016-05-21 21:07:00,0.0
2016-05-22 09:00:00,DCNN,8825,12,1,AWSDLY,1345,1011,11.2,6.6,5.8,5.9,6,6,6,6,NA,NA,NA,NA,2016-05-22 09:06:00,0.0
2016-05-22 21:00:00,DCNN,8825,12,1,AWSDLY,1345,1011,13.0,6.7,NA,NA,6,6,NA,NA,NA,NA,NA,NA,2016-05-22 21:07:00,0.0
2016-05-23 09:00:00,DCNN,8825,12,1,AWSDLY,1345,1011,11.1,6.8,5.2,6.2,6,6,6,6,NA,NA,NA,NA,2016-05-23 09:09:00,0.0
2016-05-23 21:00:00,DCNN,8825,12,1,AWSDLY,1345,1011,12.4,5.4,NA,NA,6,6,NA,NA,NA,NA,NA,NA,2016-05-23 21:07:00,0.0
2016-05-24 09:00:00,DCNN,8825,12,1,AWSDLY,1345,1011,9.2,3.1,0.8,3.3,6,6,6,6,NA,NA,NA,NA,2016-05-24 09:10:00,0.0
2016-05-24 21:00:00,DCNN,8825,12,1,AWSDLY,1345,1011,15.0,5.7,NA,NA,6,6,NA,NA,NA,NA,NA,NA,2016-05-24 21:07:00,0.0
2016-05-25 09:00:00,DCNN,8825,12,1,AWSDLY,1345,1011,8.5,4.1,3.0,3.8,6,6,6,6,NA,NA,NA,NA,2016-05-25 09:11:00,0.0
2016-05-25 21:00:00,DCNN,8825,12,1,AWSDLY,1345,1011,12.0,4.6,NA,NA,6,6,NA,NA,NA,NA,NA,NA,2016-05-25 21:08:00,0.0
2016-05-26 09:00:00,DCNN,8825,12,1,AWSDLY,1345,1011,11.0,2.0,-0.4,2.1,6,6,6,6,NA,NA,NA,NA,2016-05-26 09:10:00,0.0
2016-05-26 21:00:00,DCNN,8825,12,1,AWSDLY,1345,1011,16.7,10.5,NA,NA,6,6,NA,NA,NA,NA,NA,NA,2016-05-26 21:07:00,0.0
2016-05-27 09:00:00,DCNN,8825,12,1,AWSDLY,1345,1011,11.6,9.6,9.6,9.8,6,6,6,6,NA,NA,NA,NA,2016-05-27 09:06:00,0.0
2016-05-27 21:00:00,DCNN,8825,12,1,AWSDLY,1345,1011,16.4,11.3,NA,NA,6,1006,NA,NA,NA,NA,NA,NA,2016-05-27 21:07:00,0.0
2016-05-28 09:00:00,DCNN,8825,12,1,AWSDLY,1345,1011,14.5,5.6,3.5,4.9,6,6,6,6,NA,NA,NA,NA,2016-05-28 09:07:00,0.0
2016-05-28 21:00:00,DCNN,8825,12,1,AWSDLY,1345,1011,18.0,10.5,NA,NA,6,6,NA,NA,NA,NA,NA,NA,2016-05-28 21:08:00,0.0
2016-05-29 09:00:00,DCNN,8825,12,1,AWSDLY,1345,1011,14.6,8.2,6.9,8.2,6,6,6,6,NA,NA,NA,NA,2016-05-29 09:07:00,0.0
2016-05-29 21:00:00,DCNN,8825,12,1,AWSDLY,1345,1011,18.1,11.5,NA,NA,6,6,NA,NA,NA,NA,NA,NA,2016-05-29 21:09:00,0.0
2016-05-30 09:00:00,DCNN,8825,12,1,AWSDLY,1345,1011,14.1,8.6,6.0,7.2,6,6,6,6,NA,NA,NA,NA,2016-05-30 09:07:00,0.0
2016-05-30 21:00:00,DCNN,8825,12,1,AWSDLY,1345,1011,18.0,13.0,NA,NA,6,6,NA,NA,NA,NA,NA,NA,2016-05-30 21:08:00,0.0
2016-05-31 09:00:00,DCNN,8825,12,1,AWSDLY,1345,1011,14.2,8.4,6.0,7.9,6,6,6,6,NA,NA,NA,NA,2016-05-31 09:10:00,0.0
2016-05-31 21:00:00,DCNN,8825,12,1,AWSDLY,1345,1011,16.1,11.9,NA,NA,6,6,NA,NA,NA,NA,NA,NA,2016-05-31 21:07:00,0.0
2016-06-01 09:00:00,DCNN,8825,12,1,AWSDLY,1345,1011,12.4,10.6,9.9,10.5,6,6,6,6,NA,NA,NA,NA,2016-06-01 09:08:00,0.0
2016-06-01 21:00:00,DCNN,8825,12,1,AWSDLY,1345,1011,14.4,12.1,NA,NA,6,1006,NA,NA,NA,NA,NA,NA,2016-06-01 21:07:00,0.0
2016-06-02 09:00:00,DCNN,8825,12,1,AWSDLY,1345,1011,13.2,9.4,10.6,11.1,6,6,6,6,NA,NA,NA,NA,2016-06-02 09:08:00,0.0
2016-06-02 21:00:00,DCNN,8825,12,1,AWSDLY,1345,1011,16.9,9.1,NA,NA,6,6,NA,NA,NA,NA,NA,NA,2016-06-02 21:10:00,0.0
2016-06-03 09:00:00,DCNN,8825,12,1,AWSDLY,1345,1011,10.2,6.3,4.8,6.0,6,6,6,6,NA,NA,NA,NA,2016-06-03 09:07:00,0.0
2016-06-03 21:00:00,DCNN,8825,12,1,AWSDLY,1345,1011,17.2,8.6,NA,NA,6,6,NA,NA,NA,NA,NA,NA,2016-06-03 21:07:00,0.0
2016-06-04 09:00:00,DCNN,8825,12,1,AWSDLY,1345,1011,13.1,5.5,4.0,5.9,6,6,6,6,NA,NA,NA,NA,2016-06-04 09:07:00,0.0
2016-06-04 21:00:00,DCNN,8825,12,1,AWSDLY,1345,1011,17.4,12.8,NA,NA,6,6,NA,NA,NA,NA,NA,NA,2016-06-04 21:06:00,0.0
2016-06-05 09:00:00,DCNN,8825,12,1,AWSDLY,1345,1011,15.9,10.0,7.8,10.2,6,6,6,6,NA,NA,NA,NA,2016-06-05 09:06:00,0.0
2016-06-05 21:00:00,DCNN,8825,12,1,AWSDLY,1345,1011,20.3,14.9,NA,NA,6,6,NA,NA,NA,NA,NA,NA,2016-06-05 21:09:00,0.0
2016-06-06 09:00:00,DCNN,8825,12,1,AWSDLY,1345,1011,15.1,11.1,8.8,10.2,6,6,6,6,NA,NA,NA,NA,2016-06-06 09:09:00,0.0
2016-06-06 21:00:00,DCNN,8825,12,1,AWSDLY,1345,1011,20.0,12.1,NA,NA,6,6,NA,NA,NA,NA,NA,NA,2016-06-06 21:06:00,0.0
2016-06-07 09:00:00,DCNN,8825,12,1,AWSDLY,1345,1011,14.3,10.5,8.9,10.7,6,6,6,6,NA,NA,NA,NA,2016-06-07 09:09:00,0.0
2016-06-07 21:00:00,DCNN,8825,12,1,AWSDLY,1345,1011,19.8,11.2,NA,NA,6,6,NA,NA,NA,NA,NA,NA,2016-06-07 21:08:00,0.0
2016-06-08 09:00:00,DCNN,8825,12,1,AWSDLY,1345,1011,14.1,9.9,7.0,9.9,6,6,6,6,NA,NA,NA,NA,2016-06-08 10:09:00,0.0
2016-06-08 21:00:00,DCNN,8825,12,1,AWSDLY,1345,1011,20.4,13.7,NA,NA,6,6,NA,NA,NA,NA,NA,NA,2016-06-08 21:06:00,0.0
2016-06-09 09:00:00,DCNN,8825,12,1,AWSDLY,1345,1011,18.3,10.1,7.5,9.0,6,6,6,6,NA,NA,NA,NA,2016-06-09 09:09:00,0.0
2016-06-09 21:00:00,DCNN,8825,12,1,AWSDLY,1345,1011,20.2,12.7,NA,NA,6,6,NA,NA,NA,NA,NA,NA,2016-06-09 21:08:00,0.0
2016-06-10 09:00:00,DCNN,8825,12,1,AWSDLY,1345,1011,15.0,12.3,12.1,12.5,6,6,6,6,NA,NA,NA,NA,2016-06-10 09:12:00,0.0
2016-06-10 21:00:00,DCNN,8825,12,1,AWSDLY,1345,1011,16.9,13.3,NA,NA,6,6,NA,NA,NA,NA,NA,NA,2016-06-10 21:07:00,0.0
2016-06-11 09:00:00,DCNN,8825,12,1,AWSDLY,1345,1011,13.9,11.8,11.6,11.8,6,6,6,6,NA,NA,NA,NA,2016-06-11 09:38:00,12.0
2016-06-11 21:00:00,DCNN,8825,12,1,AWSDLY,1345,1011,19.1,11.3,NA,NA,6,6,NA,NA,NA,NA,NA,NA,2016-06-12 07:25:00,0.0
2016-06-12 09:00:00,DCNN,8825,12,1,AWSDLY,1345,1011,14.6,11.1,10.7,10.9,6,6,6,6,NA,NA,NA,NA,2016-06-12 08:55:00,0.0
2016-06-12 21:00:00,DCNN,8825,12,1,AWSDLY,1345,1011,17.5,11.8,NA,NA,6,6,NA,NA,NA,NA,NA,NA,2016-06-12 21:08:00,0.0
2016-06-13 09:00:00,DCNN,8825,12,1,AWSDLY,1345,1011,14.8,10.4,10.8,11.1,6,6,6,6,NA,NA,NA,NA,2016-06-13 12:08:00,0.0
2016-06-13 21:00:00,DCNN,8825,12,1,AWSDLY,1345,1011,16.0,11.5,NA,NA,6,6,NA,NA,NA,NA,NA,NA,2016-06-13 21:06:00,0.0
2016-06-14 09:00:00,DCNN,8825,12,1,AWSDLY,1345,1011,12.4,10.7,10.8,10.9,6,6,6,6,NA,NA,NA,NA,2016-06-14 09:09:00,0.0
2016-06-14 21:00:00,DCNN,8825,12,1,AWSDLY,1345,1011,14.0,10.0,NA,NA,6,6,NA,NA,NA,NA,NA,NA,2016-06-14 21:06:00,0.0
2016-06-15 09:00:00,DCNN,8825,12,1,AWSDLY,1345,1011,10.9,9.3,9.0,9.2,6,6,6,6,NA,NA,NA,NA,2016-06-15 09:07:00,0.0
2016-06-15 21:00:00,DCNN,8825,12,1,AWSDLY,1345,1011,14.5,10.7,NA,NA,6,1006,NA,NA,NA,NA,NA,NA,2016-06-15 21:17:00,224.0
2016-06-16 09:00:00,DCNN,8825,12,1,AWSDLY,1345,1011,11.4,9.2,8.3,8.3,6,6,6,6,NA,NA,NA,NA,2016-06-16 09:09:00,0.0
2016-06-16 21:00:00,DCNN,8825,12,1,AWSDLY,1345,1011,16.8,10.4,NA,NA,6,6,NA,NA,NA,NA,NA,NA,2016-06-16 21:06:00,0.0
2016-06-17 09:00:00,DCNN,8825,12,1,AWSDLY,1345,1011,10.4,9.0,9.3,9.6,6,6,6,6,NA,NA,NA,NA,2016-06-17 09:07:00,0.0
2016-06-17 21:00:00,DCNN,8825,12,1,AWSDLY,1345,1011,12.6,9.4,NA,NA,6,6,NA,NA,NA,NA,NA,NA,2016-06-17 21:06:00,0.0
2016-06-18 09:00:00,DCNN,8825,12,1,AWSDLY,1345,1011,12.9,8.3,7.5,7.4,6,6,6,6,NA,NA,NA,NA,2016-06-18 09:06:00,0.0
2016-06-18 21:00:00,DCNN,8825,12,1,AWSDLY,1345,1011,14.6,8.8,NA,NA,6,6,NA,NA,NA,NA,NA,NA,2016-06-18 21:37:00,0.0
2016-06-19 09:00:00,DCNN,8825,12,1,AWSDLY,1345,1011,13.6,8.9,7.7,8.8,6,6,6,6,NA,NA,NA,NA,2016-06-19 09:07:00,0.0
2016-06-19 21:00:00,DCNN,8825,12,1,AWSDLY,1345,1011,16.0,13.2,NA,NA,6,6,NA,NA,NA,NA,NA,NA,2016-06-19 21:07:00,0.0
2016-06-20 09:00:00,DCNN,8825,12,1,AWSDLY,1345,1011,14.4,12.9,13.0,13.0,6,6,6,6,NA,NA,NA,NA,2016-06-20 10:07:00,0.0
2016-06-20 21:00:00,DCNN,8825,12,1,AWSDLY,1345,1011,16.1,11.1,NA,NA,6,6,NA,NA,NA,NA,NA,NA,2016-06-20 21:07:00,0.0
2016-06-21 09:00:00,DCNN,8825,12,1,AWSDLY,1345,1011,14.6,9.9,8.9,9.1,6,6,6,6,NA,NA,NA,NA,2016-06-21 10:06:00,0.0
2016-06-21 21:00:00,DCNN,8825,12,1,AWSDLY,1345,1011,18.0,11.8,NA,NA,6,6,NA,NA,NA,NA,NA,NA,2016-06-21 21:06:00,0.0
2016-06-22 09:00:00,DCNN,8825,12,1,AWSDLY,1345,1011,15.9,12.0,11.9,12.3,6,6,6,6,NA,NA,NA,NA,2016-06-22 09:06:00,0.0
2016-06-22 21:00:00,DCNN,8825,12,1,AWSDLY,1345,1011,18.2,13.1,NA,NA,6,6,NA,NA,NA,NA,NA,NA,2016-06-22 21:08:00,0.0
2016-06-23 09:00:00,DCNN,8825,12,1,AWSDLY,1345,1011,13.7,11.6,12.0,12.5,6,6,6,6,NA,NA,NA,NA,2016-06-23 10:05:00,0.0
2016-06-23 21:00:00,DCNN,8825,12,1,AWSDLY,1345,1011,16.5,11.0,NA,NA,6,6,NA,NA,NA,NA,NA,NA,2016-06-23 21:06:00,0.0
2016-06-24 09:00:00,DCNN,8825,12,1,AWSDLY,1345,1011,14.1,11.0,9.9,10.7,6,6,6,6,NA,NA,NA,NA,2016-06-24 09:08:00,0.0
2016-06-24 21:00:00,DCNN,8825,12,1,AWSDLY,1345,1011,16.7,10.8,NA,NA,6,6,NA,NA,NA,NA,NA,NA,2016-06-24 21:18:00,223.0
2016-06-25 09:00:00,DCNN,8825,12,1,AWSDLY,1345,1011,13.1,9.2,8.2,9.0,6,6,6,6,NA,NA,NA,NA,2016-06-25 09:07:00,0.0
2016-06-25 21:00:00,DCNN,8825,12,1,AWSDLY,1345,1011,15.2,11.1,NA,NA,6,6,NA,NA,NA,NA,NA,NA,2016-06-25 21:08:00,0.0
2016-06-26 09:00:00,DCNN,8825,12,1,AWSDLY,1345,1011,12.9,10.2,10.3,10.6,6,6,6,6,NA,NA,NA,NA,2016-06-26 09:07:00,0.0
2016-06-26 21:00:00,DCNN,8825,12,1,AWSDLY,1345,1011,15.4,12.7,NA,NA,6,6,NA,NA,NA,NA,NA,NA,2016-06-26 21:06:00,0.0
2016-06-27 09:00:00,DCNN,8825,12,1,AWSDLY,1345,1011,13.7,11.2,11.6,12.0,1006,6,6,6,NA,NA,NA,NA,2016-06-27 09:08:00,0.0
2016-06-27 21:00:00,DCNN,8825,12,1,AWSDLY,1345,1011,15.8,9.9,NA,NA,6,6,NA,NA,NA,NA,NA,NA,2016-06-27 21:06:00,0.0
2016-06-28 09:00:00,DCNN,8825,12,1,AWSDLY,1345,1011,14.0,5.5,3.0,4.9,6,6,6,6,NA,NA,NA,NA,2016-06-28 09:08:00,0.0
2016-06-28 21:00:00,DCNN,8825,12,1,AWSDLY,1345,1011,14.6,11.0,NA,NA,6,6,NA,NA,NA,NA,NA,NA,2016-06-28 21:06:00,0.0
2016-06-29 09:00:00,DCNN,8825,12,1,AWSDLY,1345,1011,11.9,10.1,9.7,9.8,6,6,6,6,NA,NA,NA,NA,2016-06-29 09:07:00,0.0
2016-06-29 21:00:00,DCNN,8825,12,1,AWSDLY,1345,1011,15.9,10.5,NA,NA,6,6,NA,NA,NA,NA,NA,NA,2016-06-29 21:06:00,0.0
2016-06-30 09:00:00,DCNN,8825,12,1,AWSDLY,1345,1011,13.6,10.4,10.3,10.7,6,6,6,6,NA,NA,NA,NA,2016-06-30 09:07:00,0.0
2016-06-30 21:00:00,DCNN,8825,12,1,AWSDLY,1345,1011,17.3,12.1,NA,NA,6,6,NA,NA,NA,NA,NA,NA,2016-06-30 22:34:00,0.0
2016-07-01 09:00:00,DCNN,8825,12,1,AWSDLY,1345,1011,12.4,10.5,10.6,11.1,6,6,6,6,NA,NA,NA,NA,2016-07-01 09:08:00,0.0
2016-07-01 21:00:00,DCNN,8825,12,1,AWSDLY,1345,1011,14.8,9.1,NA,NA,6,6,NA,NA,NA,NA,NA,NA,2016-07-01 21:06:00,0.0
2016-07-02 09:00:00,DCNN,8825,12,1,AWSDLY,1345,1011,13.3,8.3,7.5,7.8,6,6,6,6,NA,NA,NA,NA,2016-07-02 09:08:00,0.0
2016-07-02 21:00:00,DCNN,8825,12,1,AWSDLY,1345,1011,15.0,9.5,NA,NA,6,6,NA,NA,NA,NA,NA,NA,2016-07-02 21:07:00,0.0
2016-07-03 09:00:00,DCNN,8825,12,1,AWSDLY,1345,1011,14.1,9.5,9.0,9.5,6,6,6,6,NA,NA,NA,NA,2016-07-03 09:07:00,0.0
2016-07-03 21:00:00,DCNN,8825,12,1,AWSDLY,1345,1011,17.9,10.6,NA,NA,6,6,NA,NA,NA,NA,NA,NA,2016-07-03 21:07:00,0.0
2016-07-04 09:00:00,DCNN,8825,12,1,AWSDLY,1345,1011,14.5,6.6,5.2,7.1,6,6,6,6,NA,NA,NA,NA,2016-07-04 09:08:00,0.0
2016-07-04 21:00:00,DCNN,8825,12,1,AWSDLY,1345,1011,19.1,13.5,NA,NA,6,6,NA,NA,NA,NA,NA,NA,2016-07-04 21:08:00,0.0
2016-07-05 09:00:00,DCNN,8825,12,1,AWSDLY,1345,1011,13.6,10.5,10.9,11.5,6,6,6,6,NA,NA,NA,NA,2016-07-05 09:08:00,0.0
2016-07-05 21:00:00,DCNN,8825,12,1,AWSDLY,1345,1011,15.5,8.3,NA,NA,6,6,NA,NA,NA,NA,NA,NA,2016-07-05 21:09:00,0.0
2016-07-06 09:00:00,DCNN,8825,12,1,AWSDLY,1345,1011,12.0,6.4,4.6,6.5,6,6,6,6,NA,NA,NA,NA,2016-07-06 09:06:00,0.0
2016-07-06 21:00:00,DCNN,8825,12,1,AWSDLY,1345,1011,18.2,11.9,NA,NA,6,6,NA,NA,NA,NA,NA,NA,2016-07-06 21:06:00,0.0
2016-07-07 09:00:00,DCNN,8825,12,1,AWSDLY,1345,1011,14.0,10.5,10.2,11.8,6,6,6,6,NA,NA,NA,NA,2016-07-07 10:07:00,0.0
2016-07-07 21:00:00,DCNN,8825,12,1,AWSDLY,1345,1011,18.4,13.5,NA,NA,6,6,NA,NA,NA,NA,NA,NA,2016-07-08 08:14:00,0.0
2016-07-08 09:00:00,DCNN,8825,12,1,AWSDLY,1345,1011,15.9,12.4,11.9,12.6,6,6,6,6,NA,NA,NA,NA,2016-07-08 09:09:00,0.0
2016-07-08 21:00:00,DCNN,8825,12,1,AWSDLY,1345,1011,17.1,14.1,NA,NA,6,6,NA,NA,NA,NA,NA,NA,2016-07-08 21:06:00,0.0
2016-07-09 09:00:00,DCNN,8825,12,1,AWSDLY,1345,1011,15.2,12.9,12.7,13.3,6,6,6,6,NA,NA,NA,NA,2016-07-09 18:06:00,0.0
2016-07-09 21:00:00,DCNN,8825,12,1,AWSDLY,1345,1011,19.8,14.7,NA,NA,6,6,NA,NA,NA,NA,NA,NA,2016-07-09 21:07:00,0.0
2016-07-10 09:00:00,DCNN,8825,12,1,AWSDLY,1345,1011,15.3,14.1,14.3,14.8,6,6,6,6,NA,NA,NA,NA,2016-07-10 09:07:00,0.0
2016-07-10 21:00:00,DCNN,8825,12,1,AWSDLY,1345,1011,18.1,12.7,NA,NA,6,6,NA,NA,NA,NA,NA,NA,2016-07-10 22:11:00,0.0
2016-07-11 09:00:00,DCNN,8825,12,1,AWSDLY,1345,1011,13.5,11.9,11.5,12.2,6,6,6,6,NA,NA,NA,NA,2016-07-11 09:08:00,0.0
2016-07-11 21:00:00,DCNN,8825,12,1,AWSDLY,1345,1011,16.8,11.1,NA,NA,6,6,NA,NA,NA,NA,NA,NA,2016-07-11 21:07:00,0.0
2016-07-12 09:00:00,DCNN,8825,12,1,AWSDLY,1345,1011,11.2,9.6,8.8,10.3,6,6,6,6,NA,NA,NA,NA,2016-07-12 09:08:00,0.0
2016-07-12 21:00:00,DCNN,8825,12,1,AWSDLY,1345,1011,15.0,9.4,NA,NA,6,6,NA,NA,NA,NA,NA,NA,2016-07-12 21:07:00,0.0
2016-07-13 09:00:00,DCNN,8825,12,1,AWSDLY,1345,1011,12.6,7.8,6.1,8.0,6,6,6,6,NA,NA,NA,NA,2016-07-13 09:11:00,0.0
2016-07-13 21:00:00,DCNN,8825,12,1,AWSDLY,1345,1011,14.8,9.5,NA,NA,6,6,NA,NA,NA,NA,NA,NA,2016-07-13 21:07:00,0.0
2016-07-14 09:00:00,DCNN,8825,12,1,AWSDLY,1345,1011,13.0,9.0,7.7,9.5,6,6,6,6,NA,NA,NA,NA,2016-07-14 09:08:00,0.0
2016-07-14 21:00:00,DCNN,8825,12,1,AWSDLY,1345,1011,16.5,10.0,NA,NA,6,6,NA,NA,NA,NA,NA,NA,2016-07-14 21:07:00,0.0
2016-07-15 09:00:00,DCNN,8825,12,1,AWSDLY,1345,1011,13.2,9.1,8.1,9.7,6,6,6,6,NA,NA,NA,NA,2016-07-18 20:19:00,282.0
2016-07-15 21:00:00,DCNN,8825,12,1,AWSDLY,1345,1011,18.2,12.8,NA,NA,6,6,NA,NA,NA,NA,NA,NA,2016-07-19 12:15:00,766.0
2016-07-16 09:00:00,DCNN,8825,12,1,AWSDLY,1345,1011,17.6,12.4,11.9,12.7,6,6,6,6,NA,NA,NA,NA,2016-07-19 12:25:00,756.0
2016-07-16 21:00:00,DCNN,8825,12,1,AWSDLY,1345,1011,21.4,15.5,NA,NA,6,6,NA,NA,NA,NA,NA,NA,2016-07-19 12:36:00,745.0
2016-07-17 09:00:00,DCNN,8825,12,1,AWSDLY,1345,1011,19.9,15.0,13.9,14.7,6,6,6,6,NA,NA,NA,NA,2016-07-19 12:46:00,735.0
2016-07-17 21:00:00,DCNN,8825,12,1,AWSDLY,1345,1011,23.8,15.5,NA,NA,6,6,NA,NA,NA,NA,NA,NA,2016-07-19 12:56:00,725.0
2016-07-18 09:00:00,DCNN,8825,12,1,AWSDLY,1345,1011,21.3,12.3,10.3,11.1,6,6,6,6,NA,NA,NA,NA,2016-07-19 13:07:00,714.0
2016-07-18 21:00:00,DCNN,8825,12,1,AWSDLY,1345,1011,24.2,16.9,NA,NA,6,6,NA,NA,NA,NA,NA,NA,2016-07-19 13:18:00,703.0
2016-07-19 09:00:00,DCNN,8825,12,1,AWSDLY,1345,1011,21.6,16.7,15.0,15.5,6,6,6,6,NA,NA,NA,NA,2016-07-19 13:27:00,0.0
2016-07-19 21:00:00,DCNN,8825,12,1,AWSDLY,1345,1011,26.7,19.3,NA,NA,6,6,NA,NA,NA,NA,NA,NA,2016-07-24 23:13:00,108.0
2016-07-20 09:00:00,DCNN,8825,12,1,AWSDLY,1345,1011,21.8,15.4,14.1,15.4,6,6,6,6,NA,NA,NA,NA,2016-07-24 23:24:00,97.0
2016-07-20 21:00:00,DCNN,8825,12,1,AWSDLY,1345,1011,18.5,12.1,NA,NA,6,6,NA,NA,NA,NA,NA,NA,2016-07-24 23:35:00,86.0
2016-07-21 09:00:00,DCNN,8825,12,1,AWSDLY,1345,1011,15.6,11.1,9.8,11.6,6,6,6,6,NA,NA,NA,NA,2016-07-24 23:45:00,76.0
2016-07-21 21:00:00,DCNN,8825,12,1,AWSDLY,1345,1011,20.3,12.4,NA,NA,6,6,NA,NA,NA,NA,NA,NA,2016-07-24 23:55:00,66.0
2016-07-22 09:00:00,DCNN,8825,12,1,AWSDLY,1345,1011,16.7,10.9,9.3,11.3,6,6,6,6,NA,NA,NA,NA,2016-07-25 00:06:00,55.0
2016-07-22 21:00:00,DCNN,8825,12,1,AWSDLY,1345,1011,23.2,15.0,NA,NA,6,6,NA,NA,NA,NA,NA,NA,2016-07-25 00:16:00,45.0
2016-07-23 09:00:00,DCNN,8825,12,1,AWSDLY,1345,1011,15.8,13.0,11.8,14.7,6,6,6,6,NA,NA,NA,NA,2016-07-25 00:28:00,33.0
2016-07-23 21:00:00,DCNN,8825,12,1,AWSDLY,1345,1011,21.0,14.6,NA,NA,6,6,NA,NA,NA,NA,NA,NA,2016-07-25 00:39:00,22.0
2016-07-24 09:00:00,DCNN,8825,12,1,AWSDLY,1345,1011,16.0,12.5,12.6,13.5,6,6,6,6,NA,NA,NA,NA,2016-07-25 00:50:00,11.0
2016-07-25 09:00:00,DCNN,8825,24,1,AWSDLY,1345,1011,19.8,11.0,NA,NA,2006,2006,NA,NA,NA,NA,NA,NA,2016-09-30 13:05:06,0.0
2016-07-26 09:00:00,DCNN,8825,24,1,AWSDLY,1345,1011,18.5,11.0,NA,NA,2006,2006,NA,NA,NA,NA,NA,NA,2016-09-30 13:05:06,0.0
2016-07-27 09:00:00,DCNN,8825,24,1,AWSDLY,1345,1011,17.5,13.5,NA,NA,2006,2006,NA,NA,NA,NA,NA,NA,2016-09-30 13:05:06,0.0
2016-07-28 09:00:00,DCNN,8825,24,1,AWSDLY,1345,1011,16.5,10.2,7.8,10.0,2006,2006,6,6,NA,NA,NA,NA,2016-09-30 13:05:06,0.0
2016-07-28 21:00:00,DCNN,8825,12,1,AWSDLY,1345,1011,19.4,13.5,NA,NA,6,6,NA,NA,NA,NA,NA,NA,2016-08-02 11:28:00,813.0
2016-07-29 09:00:00,DCNN,8825,12,1,AWSDLY,1345,1011,15.6,12.7,12.2,13.2,6,6,6,6,NA,NA,NA,NA,2016-08-02 11:33:00,808.0
2016-07-29 21:00:00,DCNN,8825,12,1,AWSDLY,1345,1011,17.0,13.2,NA,NA,6,6,NA,NA,NA,NA,NA,NA,2016-08-02 11:39:00,802.0
2016-07-30 09:00:00,DCNN,8825,12,1,AWSDLY,1345,1011,14.1,11.7,11.7,13.0,6,6,6,6,NA,NA,NA,NA,2016-08-02 11:41:00,800.0
2016-07-30 21:00:00,DCNN,8825,12,1,AWSDLY,1345,1011,18.6,10.7,NA,NA,6,6,NA,NA,NA,NA,NA,NA,2016-08-02 11:45:00,796.0
2016-07-31 09:00:00,DCNN,8825,12,1,AWSDLY,1345,1011,14.9,9.2,6.6,9.4,6,6,6,6,NA,NA,NA,NA,2016-08-02 11:49:00,792.0
2016-07-31 21:00:00,DCNN,8825,12,1,AWSDLY,1345,1011,17.4,10.1,NA,NA,6,6,NA,NA,NA,NA,NA,NA,2016-08-02 11:51:00,790.0
2016-08-01 09:00:00,DCNN,8825,12,1,AWSDLY,1345,1011,12.9,9.8,6.0,9.3,6,6,6,6,NA,NA,NA,NA,2016-08-02 11:55:00,786.0
2016-08-01 21:00:00,DCNN,8825,12,1,AWSDLY,1345,1011,15.9,12.2,NA,NA,6,6,NA,NA,NA,NA,NA,NA,2016-08-02 11:58:00,0.0
2016-08-02 09:00:00,DCNN,8825,12,1,AWSDLY,1345,1011,16.3,14.0,13.3,14.0,6,6,6,6,NA,NA,NA,NA,2016-08-02 12:00:00,0.0
2016-08-02 21:00:00,DCNN,8825,12,1,AWSDLY,1345,1011,17.8,15.9,NA,NA,6,6,NA,NA,NA,NA,NA,NA,2016-08-02 22:07:00,0.0
2016-08-03 09:00:00,DCNN,8825,12,1,AWSDLY,1345,1011,16.2,13.6,13.5,14.2,6,6,6,6,NA,NA,NA,NA,2016-08-03 09:08:00,0.0
2016-08-03 21:00:00,DCNN,8825,12,1,AWSDLY,1345,1011,17.9,12.8,NA,NA,6,6,NA,NA,NA,NA,NA,NA,2016-08-03 21:06:00,0.0
2016-08-04 09:00:00,DCNN,8825,12,1,AWSDLY,1345,1011,14.0,11.7,11.1,10.9,6,6,6,6,NA,NA,NA,NA,2016-08-04 09:08:00,0.0
2016-08-04 21:00:00,DCNN,8825,12,1,AWSDLY,1345,1011,16.8,11.6,NA,NA,6,6,NA,NA,NA,NA,NA,NA,2016-08-04 21:08:00,0.0
2016-08-05 09:00:00,DCNN,8825,12,1,AWSDLY,1345,1011,14.0,11.3,10.3,11.4,6,6,6,6,NA,NA,NA,NA,2016-08-05 09:07:00,0.0
2016-08-05 21:00:00,DCNN,8825,12,1,AWSDLY,1345,1011,18.2,13.5,NA,NA,6,6,NA,NA,NA,NA,NA,NA,2016-08-05 21:08:00,0.0
2016-08-06 09:00:00,DCNN,8825,12,1,AWSDLY,1345,1011,16.0,11.9,10.7,11.6,6,6,6,6,NA,NA,NA,NA,2016-08-06 09:09:00,0.0
2016-08-06 21:00:00,DCNN,8825,12,1,AWSDLY,1345,1011,20.6,15.4,NA,NA,6,6,NA,NA,NA,NA,NA,NA,2016-08-06 21:06:00,0.0
2016-08-07 09:00:00,DCNN,8825,12,1,AWSDLY,1345,1011,16.4,14.1,14.9,15.4,6,6,6,6,NA,NA,NA,NA,2016-08-07 09:08:00,0.0
2016-08-07 21:00:00,DCNN,8825,12,1,AWSDLY,1345,1011,18.7,13.0,NA,NA,6,6,NA,NA,NA,NA,NA,NA,2016-08-07 21:06:00,0.0
2016-08-08 09:00:00,DCNN,8825,12,1,AWSDLY,1345,1011,14.3,10.3,9.5,11.4,6,6,6,6,NA,NA,NA,NA,2016-08-08 09:06:00,0.0
2016-08-08 21:00:00,DCNN,8825,12,1,AWSDLY,1345,1011,16.2,10.1,NA,NA,6,6,NA,NA,NA,NA,NA,NA,2016-08-08 21:06:00,0.0
2016-08-09 09:00:00,DCNN,8825,12,1,AWSDLY,1345,1011,13.6,8.7,7.4,8.3,6,6,6,6,NA,NA,NA,NA,2016-08-09 09:08:00,0.0
2016-08-09 21:00:00,DCNN,8825,12,1,AWSDLY,1345,1011,15.2,9.2,NA,NA,6,6,NA,NA,NA,NA,NA,NA,2016-08-09 21:07:00,0.0
2016-08-10 09:00:00,DCNN,8825,12,1,AWSDLY,1345,1011,12.9,8.5,7.2,8.7,6,6,6,6,NA,NA,NA,NA,2016-08-10 10:14:00,0.0
2016-08-10 21:00:00,DCNN,8825,12,1,AWSDLY,1345,1011,15.8,11.7,NA,NA,6,6,NA,NA,NA,NA,NA,NA,2016-08-10 21:07:00,0.0
2016-08-11 09:00:00,DCNN,8825,12,1,AWSDLY,1345,1011,13.7,11.0,10.0,10.7,6,6,6,6,NA,NA,NA,NA,2016-08-11 09:08:00,0.0
2016-08-11 21:00:00,DCNN,8825,12,1,AWSDLY,1345,1011,17.2,12.4,NA,NA,6,6,NA,NA,NA,NA,NA,NA,2016-08-11 21:07:00,0.0
2016-08-12 09:00:00,DCNN,8825,12,1,AWSDLY,1345,1011,15.2,11.6,10.5,10.9,6,6,6,6,NA,NA,NA,NA,2016-08-12 09:07:00,0.0
2016-08-12 21:00:00,DCNN,8825,12,1,AWSDLY,1345,1011,17.8,12.0,NA,NA,6,6,NA,NA,NA,NA,NA,NA,2016-08-12 21:06:00,0.0
2016-08-13 09:00:00,DCNN,8825,12,1,AWSDLY,1345,1011,14.8,12.0,9.8,12.3,6,6,6,6,NA,NA,NA,NA,2016-08-13 09:08:00,0.0
2016-08-13 21:00:00,DCNN,8825,12,1,AWSDLY,1345,1011,18.3,10.4,NA,NA,6,6,NA,NA,NA,NA,NA,NA,2016-08-13 21:07:00,0.0
2016-08-14 09:00:00,DCNN,8825,12,1,AWSDLY,1345,1011,15.8,7.9,5.5,8.9,6,6,6,6,NA,NA,NA,NA,2016-08-14 09:08:00,0.0
2016-08-14 21:00:00,DCNN,8825,12,1,AWSDLY,1345,1011,19.9,10.8,NA,NA,6,6,NA,NA,NA,NA,NA,NA,2016-08-14 21:06:00,0.0
2016-08-15 09:00:00,DCNN,8825,12,1,AWSDLY,1345,1011,15.8,7.4,6.3,9.3,6,6,6,6,NA,NA,NA,NA,2016-08-15 09:07:00,0.0
2016-08-15 21:00:00,DCNN,8825,12,1,AWSDLY,1345,1011,18.7,13.8,NA,NA,6,6,NA,NA,NA,NA,NA,NA,2016-08-15 21:06:00,0.0
2016-08-16 09:00:00,DCNN,8825,12,1,AWSDLY,1345,1011,15.9,12.2,11.5,11.2,6,6,6,6,NA,NA,NA,NA,2016-08-16 09:08:00,0.0
2016-08-16 21:00:00,DCNN,8825,12,1,AWSDLY,1345,1011,20.5,12.7,NA,NA,6,6,NA,NA,NA,NA,NA,NA,2016-08-16 21:05:00,0.0
2016-08-17 09:00:00,DCNN,8825,12,1,AWSDLY,1345,1011,17.7,12.3,10.6,10.4,6,6,6,6,NA,NA,NA,NA,2016-08-17 09:08:00,0.0
2016-08-17 21:00:00,DCNN,8825,12,1,AWSDLY,1345,1011,20.1,13.3,NA,NA,6,6,NA,NA,NA,NA,NA,NA,2016-08-17 21:06:00,0.0
2016-08-18 09:00:00,DCNN,8825,12,1,AWSDLY,1345,1011,16.7,12.0,11.3,12.9,6,6,6,6,NA,NA,NA,NA,2016-08-18 09:07:00,0.0
2016-08-18 21:00:00,DCNN,8825,12,1,AWSDLY,1345,1011,21.6,14.0,NA,NA,6,6,NA,NA,NA,NA,NA,NA,2016-08-18 21:08:00,0.0
2016-08-19 09:00:00,DCNN,8825,12,1,AWSDLY,1345,1011,14.3,11.3,11.1,11.7,6,6,6,6,NA,NA,NA,NA,2016-08-19 09:07:00,0.0
2016-08-19 21:00:00,DCNN,8825,12,1,AWSDLY,1345,1011,19.0,13.0,NA,NA,6,6,NA,NA,NA,NA,NA,NA,2016-08-19 21:07:00,0.0
2016-08-20 09:00:00,DCNN,8825,12,1,AWSDLY,1345,1011,13.3,11.6,11.1,11.0,6,6,6,6,NA,NA,NA,NA,2016-08-20 09:07:00,0.0
2016-08-20 21:00:00,DCNN,8825,12,1,AWSDLY,1345,1011,14.5,11.9,NA,NA,6,6,NA,NA,NA,NA,NA,NA,2016-08-20 21:09:00,0.0
2016-08-21 09:00:00,DCNN,8825,12,1,AWSDLY,1345,1011,13.4,11.2,10.4,11.3,6,6,6,6,NA,NA,NA,NA,2016-08-21 10:08:00,0.0
2016-08-21 21:00:00,DCNN,8825,12,1,AWSDLY,1345,1011,15.7,12.7,NA,NA,6,6,NA,NA,NA,NA,NA,NA,2016-08-21 21:08:00,0.0
2016-08-22 09:00:00,DCNN,8825,12,1,AWSDLY,1345,1011,15.9,14.1,13.4,13.4,6,6,6,6,NA,NA,NA,NA,2016-08-22 09:08:00,0.0
2016-08-22 21:00:00,DCNN,8825,12,1,AWSDLY,1345,1011,20.2,12.9,NA,NA,6,6,NA,NA,NA,NA,NA,NA,2016-08-22 21:08:00,0.0
2016-08-23 09:00:00,DCNN,8825,12,1,AWSDLY,1345,1011,19.2,10.6,9.2,11.0,6,6,6,6,NA,NA,NA,NA,2016-08-23 09:09:00,0.0
2016-08-23 21:00:00,DCNN,8825,12,1,AWSDLY,1345,1011,24.5,16.1,NA,NA,6,6,NA,NA,NA,NA,NA,NA,2016-08-23 21:06:00,0.0
2016-08-24 09:00:00,DCNN,8825,12,1,AWSDLY,1345,1011,16.5,12.3,11.5,13.6,6,6,6,6,NA,NA,NA,NA,2016-08-24 09:06:00,0.0
2016-08-24 21:00:00,DCNN,8825,12,1,AWSDLY,1345,1011,17.7,14.5,NA,NA,6,6,NA,NA,NA,NA,NA,NA,2016-08-24 21:06:00,0.0
2016-08-25 09:00:00,DCNN,8825,12,1,AWSDLY,1345,1011,16.7,11.2,9.5,11.4,6,6,6,6,NA,NA,NA,NA,2016-08-25 09:05:00,0.0
2016-08-25 21:00:00,DCNN,8825,12,1,AWSDLY,1345,1011,18.3,14.9,NA,NA,6,6,NA,NA,NA,NA,NA,NA,2016-08-25 21:07:00,0.0
2016-08-26 09:00:00,DCNN,8825,12,1,AWSDLY,1345,1011,15.3,10.3,8.9,9.2,6,6,6,6,NA,NA,NA,NA,2016-08-26 09:06:00,0.0
2016-08-26 21:00:00,DCNN,8825,12,1,AWSDLY,1345,1011,20.4,9.7,NA,NA,6,6,NA,NA,NA,NA,NA,NA,2016-08-26 21:05:00,0.0
2016-08-27 09:00:00,DCNN,8825,12,1,AWSDLY,1345,1011,16.6,7.5,4.9,9.0,6,6,6,6,NA,NA,NA,NA,2016-08-27 09:07:00,0.0
2016-08-27 21:00:00,DCNN,8825,12,1,AWSDLY,1345,1011,21.5,13.7,NA,NA,6,6,NA,NA,NA,NA,NA,NA,2016-08-27 21:07:00,0.0
2016-08-28 09:00:00,DCNN,8825,12,1,AWSDLY,1345,1011,16.4,12.5,11.8,13.0,6,6,6,6,NA,NA,NA,NA,2016-08-28 09:07:00,0.0
2016-08-28 21:00:00,DCNN,8825,12,1,AWSDLY,1345,1011,18.7,13.6,NA,NA,6,6,NA,NA,NA,NA,NA,NA,2016-08-28 21:06:00,0.0
2016-08-29 09:00:00,DCNN,8825,12,1,AWSDLY,1345,1011,15.9,12.0,11.2,12.0,6,6,6,6,NA,NA,NA,NA,2016-08-29 09:08:00,0.0
2016-08-29 21:00:00,DCNN,8825,12,1,AWSDLY,1345,1011,19.9,11.0,NA,NA,6,6,NA,NA,NA,NA,NA,NA,2016-08-29 21:05:00,0.0
2016-08-30 09:00:00,DCNN,8825,12,1,AWSDLY,1345,1011,17.4,6.8,4.3,7.8,6,6,6,6,NA,NA,NA,NA,2016-08-30 10:06:00,0.0
2016-08-30 21:00:00,DCNN,8825,12,1,AWSDLY,1345,1011,20.8,11.4,NA,NA,6,6,NA,NA,NA,NA,NA,NA,2016-08-30 21:06:00,0.0
2016-08-31 09:00:00,DCNN,8825,12,1,AWSDLY,1345,1011,17.3,11.6,10.0,12.0,6,6,6,6,NA,NA,NA,NA,2016-08-31 09:07:00,0.0
2016-08-31 21:00:00,DCNN,8825,12,1,AWSDLY,1345,1011,18.4,12.2,NA,NA,6,6,NA,NA,NA,NA,NA,NA,2016-08-31 21:05:00,0.0
2016-09-01 09:00:00,DCNN,8825,12,1,AWSDLY,1345,1011,14.9,11.4,10.2,11.3,6,6,6,6,NA,NA,NA,NA,2016-09-01 10:09:35,NA
2016-09-01 21:00:00,DCNN,8825,12,1,AWSDLY,1345,1011,19.6,12.2,NA,NA,6,6,NA,NA,NA,NA,NA,NA,2016-09-01 21:07:00,0.0
2016-09-02 09:00:00,DCNN,8825,12,1,AWSDLY,1345,1011,15.3,12.1,11.1,12.1,6,6,6,6,NA,NA,NA,NA,2016-09-02 09:07:00,0.0
2016-09-02 21:00:00,DCNN,8825,12,1,AWSDLY,1345,1011,17.1,12.5,NA,NA,6,6,NA,NA,NA,NA,NA,NA,2016-09-02 21:08:00,0.0
2016-09-03 09:00:00,DCNN,8825,12,1,AWSDLY,1345,1011,15.0,10.6,9.1,10.0,6,6,6,6,NA,NA,NA,NA,2016-09-03 09:08:00,0.0
2016-09-03 21:00:00,DCNN,8825,12,1,AWSDLY,1345,1011,17.2,14.1,NA,NA,6,6,NA,NA,NA,NA,NA,NA,2016-09-03 21:08:00,0.0
2016-09-04 09:00:00,DCNN,8825,12,1,AWSDLY,1345,1011,16.3,12.3,11.9,12.2,6,6,6,6,NA,NA,NA,NA,2016-09-04 10:07:00,0.0
2016-09-04 21:00:00,DCNN,8825,12,1,AWSDLY,1345,1011,16.4,12.7,NA,NA,6,6,NA,NA,NA,NA,NA,NA,2016-09-04 21:07:00,0.0
2016-09-05 09:00:00,DCNN,8825,12,1,AWSDLY,1345,1011,17.5,12.3,12.3,13.4,6,6,6,6,NA,NA,NA,NA,2016-09-05 09:09:00,0.0
2016-09-05 21:00:00,DCNN,8825,12,1,AWSDLY,1345,1011,19.2,17.0,NA,NA,6,6,NA,NA,NA,NA,NA,NA,2016-09-05 21:49:00,0.0
2016-09-06 09:00:00,DCNN,8825,12,1,AWSDLY,1345,1011,17.1,16.0,15.5,16.1,6,6,6,6,NA,NA,NA,NA,2016-09-06 09:08:00,0.0
2016-09-06 21:00:00,DCNN,8825,12,1,AWSDLY,1345,1011,19.4,13.6,NA,NA,6,6,NA,NA,NA,NA,NA,NA,2016-09-06 21:06:00,0.0
2016-09-07 09:00:00,DCNN,8825,12,1,AWSDLY,1345,1011,16.2,11.7,8.7,11.1,6,6,6,6,NA,NA,NA,NA,2016-09-07 09:09:00,0.0
2016-09-07 21:00:00,DCNN,8825,12,1,AWSDLY,1345,1011,20.1,14.8,NA,NA,6,6,NA,NA,NA,NA,NA,NA,2016-09-07 21:06:00,0.0
2016-09-08 09:00:00,DCNN,8825,12,1,AWSDLY,1345,1011,16.0,11.3,10.5,11.6,6,6,6,6,NA,NA,NA,NA,2016-09-08 09:45:00,5.0
2016-09-08 21:00:00,DCNN,8825,12,1,AWSDLY,1345,1011,18.0,12.7,NA,NA,6,6,NA,NA,NA,NA,NA,NA,2016-09-08 21:06:00,0.0
2016-09-09 09:00:00,DCNN,8825,12,1,AWSDLY,1345,1011,16.3,12.4,11.5,11.9,6,6,6,6,NA,NA,NA,NA,2016-09-09 09:08:00,0.0
2016-09-09 21:00:00,DCNN,8825,12,1,AWSDLY,1345,1011,17.5,15.0,NA,NA,6,6,NA,NA,NA,NA,NA,NA,2016-09-09 21:06:00,0.0
2016-09-10 09:00:00,DCNN,8825,12,1,AWSDLY,1345,1011,16.3,12.1,11.7,13.1,6,6,6,6,NA,NA,NA,NA,2016-09-10 10:12:00,0.0
2016-09-10 21:00:00,DCNN,8825,12,1,AWSDLY,1345,1011,14.5,9.8,NA,NA,6,6,NA,NA,NA,NA,NA,NA,2016-09-10 21:07:00,0.0
2016-09-11 09:00:00,DCNN,8825,12,1,AWSDLY,1345,1011,14.7,6.6,5.5,6.8,6,6,6,6,NA,NA,NA,NA,2016-09-11 08:54:00,0.0
2016-09-11 21:00:00,DCNN,8825,12,1,AWSDLY,1345,1011,16.4,11.4,NA,NA,6,6,NA,NA,NA,NA,NA,NA,2016-09-11 21:06:00,0.0
2016-09-12 09:00:00,DCNN,8825,12,1,AWSDLY,1345,1011,16.5,12.6,10.6,11.3,6,6,6,6,NA,NA,NA,NA,2016-09-12 09:08:00,0.0
2016-09-12 21:00:00,DCNN,8825,12,1,AWSDLY,1345,1011,18.6,15.0,NA,NA,6,6,NA,NA,NA,NA,NA,NA,2016-09-12 21:07:00,0.0
2016-09-13 09:00:00,DCNN,8825,12,1,AWSDLY,1345,1011,15.8,14.2,12.9,13.4,6,6,6,6,NA,NA,NA,NA,2016-09-13 17:07:00,0.0
2016-09-13 21:00:00,DCNN,8825,12,1,AWSDLY,1345,1011,20.9,15.5,NA,NA,6,6,NA,NA,NA,NA,NA,NA,2016-09-13 21:13:00,0.0
2016-09-14 09:00:00,DCNN,8825,12,1,AWSDLY,1345,1011,17.8,16.1,14.3,14.4,6,6,6,6,NA,NA,NA,NA,2016-09-14 10:07:00,0.0
2016-09-14 21:00:00,DCNN,8825,12,1,AWSDLY,1345,1011,21.4,11.7,NA,NA,6,6,NA,NA,NA,NA,NA,NA,2016-09-14 21:11:00,0.0
2016-09-15 09:00:00,DCNN,8825,12,1,AWSDLY,1345,1011,16.1,9.3,7.1,9.2,6,6,6,6,NA,NA,NA,NA,2016-09-15 09:07:00,0.0
2016-09-15 21:00:00,DCNN,8825,12,1,AWSDLY,1345,1011,19.3,13.5,NA,NA,6,6,NA,NA,NA,NA,NA,NA,2016-09-15 21:06:00,0.0
2016-09-16 09:00:00,DCNN,8825,12,1,AWSDLY,1345,1011,13.8,10.7,10.8,11.9,6,6,6,6,NA,NA,NA,NA,2016-09-16 09:11:00,0.0
2016-09-16 21:00:00,DCNN,8825,12,1,AWSDLY,1345,1011,13.4,10.7,NA,NA,6,6,NA,NA,NA,NA,NA,NA,2016-09-16 21:07:00,0.0
2016-09-17 09:00:00,DCNN,8825,12,1,AWSDLY,1345,1011,13.6,10.4,9.4,10.1,6,6,6,6,NA,NA,NA,NA,2016-09-17 09:06:00,0.0
2016-09-17 21:00:00,DCNN,8825,12,1,AWSDLY,1345,1011,15.1,10.5,NA,NA,6,6,NA,NA,NA,NA,NA,NA,2016-09-17 21:08:00,0.0
2016-09-18 09:00:00,DCNN,8825,12,1,AWSDLY,1345,1011,13.1,6.9,4.9,8.1,6,6,6,6,NA,NA,NA,NA,2016-09-18 09:08:00,0.0
2016-09-18 21:00:00,DCNN,8825,12,1,AWSDLY,1345,1011,17.9,10.9,NA,NA,6,6,NA,NA,NA,NA,NA,NA,2016-09-18 21:07:00,0.0
2016-09-19 09:00:00,DCNN,8825,12,1,AWSDLY,1345,1011,13.8,10.8,9.2,11.7,6,6,6,6,NA,NA,NA,NA,2016-09-19 09:06:00,0.0
2016-09-19 21:00:00,DCNN,8825,12,1,AWSDLY,1345,1011,14.7,12.7,NA,NA,6,6,NA,NA,NA,NA,NA,NA,2016-09-19 21:06:00,0.0
2016-09-20 09:00:00,DCNN,8825,12,1,AWSDLY,1345,1011,12.7,10.6,10.6,12.0,1006,6,6,6,NA,NA,NA,NA,2016-09-20 09:07:00,0.0
2016-09-20 21:00:00,DCNN,8825,12,1,AWSDLY,1345,1011,14.5,10.9,NA,NA,6,6,NA,NA,NA,NA,NA,NA,2016-09-20 21:07:00,0.0
2016-09-21 09:00:00,DCNN,8825,12,1,AWSDLY,1345,1011,14.4,10.0,8.9,10.0,6,6,6,6,NA,NA,NA,NA,2016-09-21 09:08:00,0.0
2016-09-21 21:00:00,DCNN,8825,12,1,AWSDLY,1345,1011,16.7,10.2,NA,NA,6,6,NA,NA,NA,NA,NA,NA,2016-09-21 21:07:00,0.0
2016-09-22 09:00:00,DCNN,8825,12,1,AWSDLY,1345,1011,12.4,6.8,3.7,6.8,6,6,6,6,NA,NA,NA,NA,2016-09-22 10:07:00,0.0
2016-09-22 21:00:00,DCNN,8825,12,1,AWSDLY,1345,1011,16.6,6.3,NA,NA,6,6,NA,NA,NA,NA,NA,NA,2016-09-22 21:20:00,221.0
2016-09-23 09:00:00,DCNN,8825,12,1,AWSDLY,1345,1011,13.5,6.0,4.2,6.1,6,6,6,6,NA,NA,NA,NA,2016-09-23 09:07:00,0.0
2016-09-23 21:00:00,DCNN,8825,12,1,AWSDLY,1345,1011,16.1,9.5,NA,NA,6,6,NA,NA,NA,NA,NA,NA,2016-09-23 21:06:00,0.0
2016-09-24 09:00:00,DCNN,8825,12,1,AWSDLY,1345,1011,14.0,11.0,8.8,10.4,6,1006,6,6,NA,NA,NA,NA,2016-09-24 09:07:00,0.0
2016-09-24 21:00:00,DCNN,8825,12,1,AWSDLY,1345,1011,17.6,14.0,NA,NA,6,6,NA,NA,NA,NA,NA,NA,2016-09-24 21:07:00,0.0
2016-09-25 09:00:00,DCNN,8825,12,1,AWSDLY,1345,1011,14.5,9.5,8.5,8.8,6,6,6,6,NA,NA,NA,NA,2016-09-25 09:07:00,0.0
2016-09-25 21:00:00,DCNN,8825,12,1,AWSDLY,1345,1011,14.6,9.0,NA,NA,6,6,NA,NA,NA,NA,NA,NA,2016-09-25 21:06:00,0.0
2016-09-26 09:00:00,DCNN,8825,12,1,AWSDLY,1345,1011,11.9,9.5,7.9,9.2,6,6,6,6,NA,NA,NA,NA,2016-09-26 09:07:00,0.0
2016-09-26 21:00:00,DCNN,8825,12,1,AWSDLY,1345,1011,15.2,10.7,NA,NA,6,6,NA,NA,NA,NA,NA,NA,2016-09-26 21:06:00,0.0
2016-09-27 09:00:00,DCNN,8825,12,1,AWSDLY,1345,1011,15.0,11.0,10.8,11.2,6,6,6,6,NA,NA,NA,NA,2016-09-27 09:08:00,0.0
2016-09-27 21:00:00,DCNN,8825,12,1,AWSDLY,1345,1011,17.4,10.4,NA,NA,6,6,NA,NA,NA,NA,NA,NA,2016-09-27 21:06:00,0.0
2016-09-28 09:00:00,DCNN,8825,12,1,AWSDLY,1345,1011,15.7,10.5,8.5,8.5,6,6,6,6,NA,NA,NA,NA,2016-09-28 09:06:00,0.0
2016-09-28 21:00:00,DCNN,8825,12,1,AWSDLY,1345,1011,20.8,14.4,NA,NA,6,6,NA,NA,NA,NA,NA,NA,2016-09-28 21:05:00,0.0
2016-09-29 09:00:00,DCNN,8825,12,1,AWSDLY,1345,1011,14.9,11.6,10.3,12.5,6,6,6,6,NA,NA,NA,NA,2016-09-29 09:07:00,0.0
2016-09-29 21:00:00,DCNN,8825,12,1,AWSDLY,1345,1011,14.1,9.0,NA,NA,6,6,NA,NA,NA,NA,NA,NA,2016-09-29 21:07:00,0.0
2016-09-30 09:00:00,DCNN,8825,12,1,AWSDLY,1345,1011,11.4,8.4,7.5,7.5,6,6,6,6,NA,NA,NA,NA,2016-09-30 09:09:00,0.0
2016-09-30 21:00:00,DCNN,8825,12,1,AWSDLY,1345,1011,14.9,6.6,NA,NA,6,6,NA,NA,NA,NA,NA,NA,2016-09-30 21:08:00,0.0
2016-10-01 09:00:00,DCNN,8825,12,1,AWSDLY,1345,1011,10.3,6.8,5.3,6.6,6,6,6,6,NA,NA,NA,NA,2016-10-01 09:08:00,0.0
2016-10-01 21:00:00,DCNN,8825,12,1,AWSDLY,1345,1011,11.1,8.0,NA,NA,6,6,NA,NA,NA,NA,NA,NA,2016-10-01 21:05:00,0.0
2016-10-02 09:00:00,DCNN,8825,12,1,AWSDLY,1345,1011,10.7,5.7,3.6,4.4,6,6,6,6,NA,NA,NA,NA,2016-10-02 09:07:00,0.0
2016-10-02 21:00:00,DCNN,8825,12,1,AWSDLY,1345,1011,15.2,6.8,NA,NA,6,6,NA,NA,NA,NA,NA,NA,2016-10-02 21:05:00,0.0
2016-10-03 09:00:00,DCNN,8825,12,1,AWSDLY,1345,1011,11.9,4.9,2.1,3.8,6,6,6,6,NA,NA,NA,NA,2016-10-03 09:07:00,0.0
2016-10-03 21:00:00,DCNN,8825,12,1,AWSDLY,1345,1011,14.2,10.1,NA,NA,6,6,NA,NA,NA,NA,NA,NA,2016-10-03 21:06:00,0.0
2016-10-04 09:00:00,DCNN,8825,12,1,AWSDLY,1345,1011,12.4,9.8,8.9,8.5,6,6,6,6,NA,NA,NA,NA,2016-10-04 09:08:00,0.0
2016-10-04 21:00:00,DCNN,8825,12,1,AWSDLY,1345,1011,14.1,11.8,NA,NA,6,6,NA,NA,NA,NA,NA,NA,2016-10-04 21:08:00,0.0
2016-10-05 09:00:00,DCNN,8825,12,1,AWSDLY,1345,1011,12.3,10.5,10.2,10.1,6,6,6,6,NA,NA,NA,NA,2016-10-05 09:07:00,0.0
2016-10-05 21:00:00,DCNN,8825,12,1,AWSDLY,1345,1011,13.0,8.7,NA,NA,6,6,NA,NA,NA,NA,NA,NA,2016-10-05 21:07:00,0.0
2016-10-06 09:00:00,DCNN,8825,12,1,AWSDLY,1345,1011,8.7,5.1,4.1,4.2,6,6,6,6,NA,NA,NA,NA,2016-10-06 10:06:00,0.0
2016-10-06 21:00:00,DCNN,8825,12,1,AWSDLY,1345,1011,12.2,6.0,NA,NA,6,6,NA,NA,NA,NA,NA,NA,2016-10-06 21:06:00,0.0
2016-10-07 09:00:00,DCNN,8825,12,1,AWSDLY,1345,1011,7.3,4.4,2.4,3.8,6,6,6,6,NA,NA,NA,NA,2016-10-07 09:11:00,0.0
2016-10-07 21:00:00,DCNN,8825,12,1,AWSDLY,1345,1011,9.6,7.3,NA,NA,6,6,NA,NA,NA,NA,NA,NA,2016-10-07 21:06:00,0.0
2016-10-08 09:00:00,DCNN,8825,12,1,AWSDLY,1345,1011,10.6,6.3,4.5,5.4,6,6,6,6,NA,NA,NA,NA,2016-10-08 09:07:00,0.0
2016-10-08 21:00:00,DCNN,8825,12,1,AWSDLY,1345,1011,12.7,9.0,NA,NA,6,6,NA,NA,NA,NA,NA,NA,2016-10-08 21:06:00,0.0
2016-10-09 09:00:00,DCNN,8825,12,1,AWSDLY,1345,1011,10.3,5.6,3.8,6.2,6,6,6,6,NA,NA,NA,NA,2016-10-09 09:06:00,0.0
2016-10-09 21:00:00,DCNN,8825,12,1,AWSDLY,1345,1011,12.6,2.7,NA,NA,6,6,NA,NA,NA,NA,NA,NA,2016-10-09 21:05:00,0.0
2016-10-10 09:00:00,DCNN,8825,12,1,AWSDLY,1345,1011,7.5,2.7,-1.0,1.8,6,6,6,6,NA,NA,NA,NA,2016-10-10 09:06:00,0.0
2016-10-10 21:00:00,DCNN,8825,12,1,AWSDLY,1345,1011,11.9,4.5,NA,NA,6,6,NA,NA,NA,NA,NA,NA,2016-10-10 21:06:00,0.0
2016-10-11 09:00:00,DCNN,8825,12,1,AWSDLY,1345,1011,6.4,3.2,0.5,2.8,6,6,6,6,NA,NA,NA,NA,2016-10-11 09:07:00,0.0
2016-10-11 21:00:00,DCNN,8825,12,1,AWSDLY,1345,1011,10.8,6.4,NA,NA,6,1006,NA,NA,NA,NA,NA,NA,2016-10-11 21:06:00,0.0
2016-10-12 09:00:00,DCNN,8825,12,1,AWSDLY,1345,1011,7.0,4.0,2.3,3.1,6,6,6,6,NA,NA,NA,NA,2016-10-12 09:08:00,0.0
2016-10-12 21:00:00,DCNN,8825,12,1,AWSDLY,1345,1011,12.3,7.0,NA,NA,6,6,NA,NA,NA,NA,NA,NA,2016-10-12 21:07:00,0.0
2016-10-13 09:00:00,DCNN,8825,12,1,AWSDLY,1345,1011,8.1,6.0,5.8,6.1,6,6,6,6,NA,NA,NA,NA,2016-10-13 09:05:00,0.0
2016-10-13 21:00:00,DCNN,8825,12,1,AWSDLY,1345,1011,10.7,2.9,NA,NA,6,6,NA,NA,NA,NA,NA,NA,2016-10-13 21:06:00,0.0
2016-10-14 09:00:00,DCNN,8825,12,1,AWSDLY,1345,1011,8.1,0.7,-1.5,0.5,6,6,6,6,NA,NA,NA,NA,2016-10-14 09:06:00,0.0
2016-10-14 21:00:00,DCNN,8825,12,1,AWSDLY,1345,1011,10.4,8.0,NA,NA,6,6,NA,NA,NA,NA,NA,NA,2016-10-14 21:05:00,0.0
2016-10-15 09:00:00,DCNN,8825,12,1,AWSDLY,1345,1011,10.5,3.2,1.6,3.4,6,6,6,6,NA,NA,NA,NA,2016-10-15 09:10:00,0.0
2016-10-15 21:00:00,DCNN,8825,12,1,AWSDLY,1345,1011,11.1,6.7,NA,NA,6,6,NA,NA,NA,NA,NA,NA,2016-10-15 21:05:00,0.0
2016-10-16 09:00:00,DCNN,8825,12,1,AWSDLY,1345,1011,10.7,7.2,6.0,5.6,6,6,6,6,NA,NA,NA,NA,2016-10-16 09:06:00,0.0
2016-10-16 21:00:00,DCNN,8825,12,1,AWSDLY,1345,1011,13.3,10.2,NA,NA,6,6,NA,NA,NA,NA,NA,NA,2016-10-16 21:06:00,0.0
2016-10-17 09:00:00,DCNN,8825,12,1,AWSDLY,1345,1011,11.0,8.6,7.7,7.3,6,6,6,6,NA,NA,NA,NA,2016-10-17 09:11:00,0.0
2016-10-17 21:00:00,DCNN,8825,12,1,AWSDLY,1345,1011,13.5,8.5,NA,NA,6,6,NA,NA,NA,NA,NA,NA,2016-10-17 22:06:00,0.0
2016-10-18 09:00:00,DCNN,8825,12,1,AWSDLY,1345,1011,9.6,7.2,7.0,7.8,6,6,6,6,NA,NA,NA,NA,2016-10-18 09:08:00,0.0
2016-10-18 21:00:00,DCNN,8825,12,1,AWSDLY,1345,1011,10.7,6.0,NA,NA,6,6,NA,NA,NA,NA,NA,NA,2016-10-18 21:06:00,0.0
2016-10-19 09:00:00,DCNN,8825,12,1,AWSDLY,1345,1011,8.0,5.7,3.4,4.1,6,6,6,6,NA,NA,NA,NA,2016-10-19 09:05:00,0.0
2016-10-19 21:00:00,DCNN,8825,12,1,AWSDLY,1345,1011,11.1,5.9,NA,NA,6,6,NA,NA,NA,NA,NA,NA,2016-10-19 21:06:00,0.0
2016-10-20 09:00:00,DCNN,8825,12,1,AWSDLY,1345,1011,7.6,1.3,-1.5,1.1,6,6,6,6,NA,NA,NA,NA,2016-10-20 09:10:00,0.0
2016-10-20 21:00:00,DCNN,8825,12,1,AWSDLY,1345,1011,10.8,4.1,NA,NA,6,6,NA,NA,NA,NA,NA,NA,2016-10-20 21:08:00,0.0
2016-10-21 09:00:00,DCNN,8825,12,1,AWSDLY,1345,1011,8.0,1.6,-1.0,1.2,6,6,6,6,NA,NA,NA,NA,2016-10-21 09:06:00,0.0
2016-10-21 21:00:00,DCNN,8825,12,1,AWSDLY,1345,1011,11.4,2.8,NA,NA,6,6,NA,NA,NA,NA,NA,NA,2016-10-21 21:05:00,0.0
2016-10-22 09:00:00,DCNN,8825,12,1,AWSDLY,1345,1011,5.7,-0.2,-2.7,0.0,6,6,6,6,NA,NA,NA,NA,2016-10-22 09:05:00,0.0
2016-10-22 21:00:00,DCNN,8825,12,1,AWSDLY,1345,1011,9.8,5.2,NA,NA,6,6,NA,NA,NA,NA,NA,NA,2016-10-22 21:06:00,0.0
2016-10-23 09:00:00,DCNN,8825,12,1,AWSDLY,1345,1011,6.1,4.8,3.8,4.2,6,6,6,6,NA,NA,NA,NA,2016-10-23 09:07:00,0.0
2016-10-23 21:00:00,DCNN,8825,12,1,AWSDLY,1345,1011,8.2,5.3,NA,NA,6,6,NA,NA,NA,NA,NA,NA,2016-10-23 21:06:00,0.0
2016-10-24 09:00:00,DCNN,8825,12,1,AWSDLY,1345,1011,6.6,5.8,5.3,5.2,6,6,6,6,NA,NA,NA,NA,2016-10-24 09:07:00,0.0
2016-10-24 21:00:00,DCNN,8825,12,1,AWSDLY,1345,1011,9.4,6.5,NA,NA,6,6,NA,NA,NA,NA,NA,NA,2016-10-24 21:11:00,0.0
2016-10-25 09:00:00,DCNN,8825,12,1,AWSDLY,1345,1011,11.2,6.6,5.1,5.7,6,6,6,6,NA,NA,NA,NA,2016-10-25 10:07:00,0.0
2016-10-25 21:00:00,DCNN,8825,12,1,AWSDLY,1345,1011,16.4,7.2,NA,NA,6,6,NA,NA,NA,NA,NA,NA,2016-10-25 21:11:00,0.0
2016-10-26 09:00:00,DCNN,8825,12,1,AWSDLY,1345,1011,10.3,6.2,4.2,5.3,6,6,6,6,NA,NA,NA,NA,2016-10-26 09:07:00,0.0
2016-10-26 21:00:00,DCNN,8825,12,1,AWSDLY,1345,1011,12.8,9.2,NA,NA,6,6,NA,NA,NA,NA,NA,NA,2016-10-26 21:06:00,0.0
2016-10-27 09:00:00,DCNN,8825,12,1,AWSDLY,1345,1011,10.6,5.7,4.4,4.8,6,6,6,6,NA,NA,NA,NA,2016-10-27 09:07:00,0.0
2016-10-27 21:00:00,DCNN,8825,12,1,AWSDLY,1345,1011,12.9,9.6,NA,NA,6,6,NA,NA,NA,NA,NA,NA,2016-10-27 21:07:00,0.0
2016-10-28 09:00:00,DCNN,8825,12,1,AWSDLY,1345,1011,10.2,9.1,8.9,9.2,6,6,6,6,NA,NA,NA,NA,2016-10-28 09:08:00,0.0
2016-10-28 21:00:00,DCNN,8825,12,1,AWSDLY,1345,1011,11.3,9.6,NA,NA,6,6,NA,NA,NA,NA,NA,NA,2016-10-28 22:06:00,0.0
2016-10-29 09:00:00,DCNN,8825,12,1,AWSDLY,1345,1011,10.1,9.1,8.8,8.4,6,6,6,6,NA,NA,NA,NA,2016-10-29 09:06:00,0.0
2016-10-29 21:00:00,DCNN,8825,12,1,AWSDLY,1345,1011,12.7,9.8,NA,NA,6,6,NA,NA,NA,NA,NA,NA,2016-10-29 21:08:00,0.0
2016-10-30 09:00:00,DCNN,8825,12,1,AWSDLY,1345,1011,10.8,9.7,9.6,9.5,6,6,6,6,NA,NA,NA,NA,2016-10-30 09:43:00,7.0
2016-10-30 21:00:00,DCNN,8825,12,1,AWSDLY,1345,1011,14.3,9.7,NA,NA,6,6,NA,NA,NA,NA,NA,NA,2016-10-30 21:07:00,0.0
2016-10-31 09:00:00,DCNN,8825,12,1,AWSDLY,1345,1011,11.7,9.0,8.5,8.4,6,6,6,6,NA,NA,NA,NA,2016-10-31 10:07:00,0.0
2016-10-31 21:00:00,DCNN,8825,12,1,AWSDLY,1345,1011,15.1,10.6,NA,NA,6,6,NA,NA,NA,NA,NA,NA,2016-10-31 21:06:00,0.0
2016-11-01 09:00:00,DCNN,8825,12,1,AWSDLY,1345,1011,11.9,7.3,5.5,5.8,6,6,6,6,NA,NA,NA,NA,2016-11-01 09:11:00,0.0
2016-11-01 21:00:00,DCNN,8825,12,1,AWSDLY,1345,1011,15.7,8.6,NA,NA,6,6,NA,NA,NA,NA,NA,NA,2016-11-01 21:06:00,0.0
2016-11-02 09:00:00,DCNN,8825,12,1,AWSDLY,1345,1011,8.6,3.3,-0.8,3.1,6,6,6,6,NA,NA,NA,NA,2016-11-02 10:05:00,0.0
2016-11-02 21:00:00,DCNN,8825,12,1,AWSDLY,1345,1011,8.9,0.5,NA,NA,6,6,NA,NA,NA,NA,NA,NA,2016-11-02 21:06:00,0.0
2016-11-03 09:00:00,DCNN,8825,12,1,AWSDLY,1345,1011,5.8,0.2,-2.9,-0.6,6,6,6,6,NA,NA,NA,NA,2016-11-03 09:06:00,0.0
2016-11-03 21:00:00,DCNN,8825,12,1,AWSDLY,1345,1011,8.3,5.7,NA,NA,6,6,NA,NA,NA,NA,NA,NA,2016-11-03 21:07:00,0.0
2016-11-04 09:00:00,DCNN,8825,12,1,AWSDLY,1345,1011,8.0,5.5,4.4,3.5,6,6,6,6,NA,NA,NA,NA,2016-11-04 09:06:00,0.0
2016-11-04 21:00:00,DCNN,8825,12,1,AWSDLY,1345,1011,8.0,2.8,NA,NA,6,6,NA,NA,NA,NA,NA,NA,2016-11-04 21:06:00,0.0
2016-11-05 09:00:00,DCNN,8825,12,1,AWSDLY,1345,1011,4.9,1.9,-0.8,1.3,6,6,6,6,NA,NA,NA,NA,2016-11-05 10:05:00,0.0
2016-11-05 21:00:00,DCNN,8825,12,1,AWSDLY,1345,1011,7.3,0.4,NA,NA,6,6,NA,NA,NA,NA,NA,NA,2016-11-05 21:05:00,0.0
2016-11-06 09:00:00,DCNN,8825,12,1,AWSDLY,1345,1011,2.3,-1.7,-4.9,-2.5,6,6,6,6,NA,NA,NA,NA,2016-11-06 09:06:00,0.0
2016-11-06 21:00:00,DCNN,8825,12,1,AWSDLY,1345,1011,6.5,2.2,NA,NA,6,6,NA,NA,NA,NA,NA,NA,2016-11-06 21:06:00,0.0
2016-11-07 09:00:00,DCNN,8825,12,1,AWSDLY,1345,1011,2.5,0.2,-3.8,-1.8,6,6,6,6,NA,NA,NA,NA,2016-11-07 09:06:00,0.0
2016-11-07 21:00:00,DCNN,8825,12,1,AWSDLY,1345,1011,6.7,0.8,NA,NA,6,6,NA,NA,NA,NA,NA,NA,2016-11-07 21:06:00,0.0
2016-11-08 09:00:00,DCNN,8825,12,1,AWSDLY,1345,1011,4.1,1.0,-1.3,-0.2,6,6,6,6,NA,NA,NA,NA,2016-11-08 10:05:00,0.0
2016-11-08 21:00:00,DCNN,8825,12,1,AWSDLY,1345,1011,7.4,4.1,NA,NA,6,6,NA,NA,NA,NA,NA,NA,2016-11-08 21:14:00,0.0
2016-11-09 09:00:00,DCNN,8825,12,1,AWSDLY,1345,1011,9.5,4.5,3.5,3.6,6,6,6,6,NA,NA,NA,NA,2016-11-09 10:06:00,0.0
2016-11-09 21:00:00,DCNN,8825,12,1,AWSDLY,1345,1011,7.7,4.9,NA,NA,6,6,NA,NA,NA,NA,NA,NA,2016-11-09 21:08:00,0.0
2016-11-10 09:00:00,DCNN,8825,12,1,AWSDLY,1345,1011,7.1,6.0,4.3,4.2,6,6,6,6,NA,NA,NA,NA,2016-11-10 09:07:00,0.0
2016-11-10 21:00:00,DCNN,8825,12,1,AWSDLY,1345,1011,8.6,4.3,NA,NA,6,6,NA,NA,NA,NA,NA,NA,2016-11-10 21:06:00,0.0
2016-11-11 09:00:00,DCNN,8825,12,1,AWSDLY,1345,1011,5.2,1.7,0.0,0.5,6,6,6,6,NA,NA,NA,NA,2016-11-11 09:06:00,0.0
2016-11-11 21:00:00,DCNN,8825,12,1,AWSDLY,1345,1011,9.9,4.3,NA,NA,6,6,NA,NA,NA,NA,NA,NA,2016-11-11 21:06:00,0.0
2016-11-12 09:00:00,DCNN,8825,12,1,AWSDLY,1345,1011,11.7,7.7,5.6,5.5,6,6,6,6,NA,NA,NA,NA,2016-11-12 09:08:00,0.0
2016-11-12 21:00:00,DCNN,8825,12,1,AWSDLY,1345,1011,11.6,7.3,NA,NA,6,6,NA,NA,NA,NA,NA,NA,2016-11-12 21:06:00,0.0
2016-11-13 09:00:00,DCNN,8825,12,1,AWSDLY,1345,1011,7.8,5.2,4.2,4.9,6,6,6,6,NA,NA,NA,NA,2016-11-13 09:07:00,0.0
2016-11-13 21:00:00,DCNN,8825,12,1,AWSDLY,1345,1011,9.8,6.2,NA,NA,6,6,NA,NA,NA,NA,NA,NA,2016-11-13 21:07:00,0.0
2016-11-14 09:00:00,DCNN,8825,12,1,AWSDLY,1345,1011,9.2,7.3,6.2,6.2,6,6,6,6,NA,NA,NA,NA,2016-11-14 09:40:00,10.0
2016-11-14 21:00:00,DCNN,8825,12,1,AWSDLY,1345,1011,11.1,9.0,NA,NA,6,6,NA,NA,NA,NA,NA,NA,2016-11-14 21:07:00,0.0
2016-11-15 09:00:00,DCNN,8825,12,1,AWSDLY,1345,1011,12.4,10.6,10.1,9.7,6,6,6,6,NA,NA,NA,NA,2016-11-15 09:08:00,0.0
2016-11-15 21:00:00,DCNN,8825,12,1,AWSDLY,1345,1011,12.8,10.6,NA,NA,6,6,NA,NA,NA,NA,NA,NA,2016-11-15 23:07:00,0.0
2016-11-16 09:00:00,DCNN,8825,12,1,AWSDLY,1345,1011,11.1,7.8,7.2,7.3,6,6,6,6,NA,NA,NA,NA,2016-11-16 09:12:00,0.0
2016-11-16 21:00:00,DCNN,8825,12,1,AWSDLY,1345,1011,10.0,6.5,NA,NA,6,6,NA,NA,NA,NA,NA,NA,2016-11-16 21:07:00,0.0
2016-11-17 09:00:00,DCNN,8825,12,1,AWSDLY,1345,1011,7.1,4.8,3.2,2.9,6,6,6,6,NA,NA,NA,NA,2016-11-17 10:00:00,0.0
2016-11-17 21:00:00,DCNN,8825,12,1,AWSDLY,1345,1011,8.3,2.8,NA,NA,6,6,NA,NA,NA,NA,NA,NA,2016-11-17 21:07:00,0.0
2016-11-18 09:00:00,DCNN,8825,12,1,AWSDLY,1345,1011,3.8,0.2,0.0,0.0,6,6,6,6,NA,NA,NA,NA,2016-11-18 09:07:00,0.0
2016-11-18 21:00:00,DCNN,8825,12,1,AWSDLY,1345,1011,4.1,0.4,NA,NA,6,6,NA,NA,NA,NA,NA,NA,2016-11-18 21:05:00,0.0
2016-11-19 09:00:00,DCNN,8825,12,1,AWSDLY,1345,1011,2.8,1.0,-0.1,-0.8,6,6,6,6,NA,NA,NA,NA,2016-11-19 09:12:00,0.0
2016-11-19 21:00:00,DCNN,8825,12,1,AWSDLY,1345,1011,5.1,2.5,NA,NA,6,1006,NA,NA,NA,NA,NA,NA,2016-11-19 21:08:00,0.0
2016-11-20 09:00:00,DCNN,8825,12,1,AWSDLY,1345,1011,5.2,1.8,1.9,2.7,6,6,6,6,NA,NA,NA,NA,2016-11-20 09:07:00,0.0
2016-11-20 21:00:00,DCNN,8825,12,1,AWSDLY,1345,1011,6.0,3.0,NA,NA,6,6,NA,NA,NA,NA,NA,NA,2016-11-20 21:07:00,0.0
2016-11-21 09:00:00,DCNN,8825,12,1,AWSDLY,1345,1011,3.4,1.1,0.5,1.4,6,6,6,6,NA,NA,NA,NA,2016-11-21 09:05:00,0.0
2016-11-21 21:00:00,DCNN,8825,12,1,AWSDLY,1345,1011,8.5,3.4,NA,NA,6,6,NA,NA,NA,NA,NA,NA,2016-11-23 14:13:00,648.0
2016-11-22 09:00:00,DCNN,8825,12,1,AWSDLY,1345,1011,5.8,4.2,2.4,3.2,6,6,6,6,NA,NA,NA,NA,2016-11-23 14:22:00,639.0
2016-11-22 21:00:00,DCNN,8825,12,1,AWSDLY,1345,1011,4.8,4.2,NA,NA,6,6,NA,NA,NA,NA,NA,NA,2016-11-23 14:32:00,0.0
2016-11-23 09:00:00,DCNN,8825,12,1,AWSDLY,1345,1011,4.5,2.5,0.4,2.0,6,6,6,6,NA,NA,NA,NA,2016-11-23 14:41:00,0.0
2016-11-23 21:00:00,DCNN,8825,12,1,AWSDLY,1345,1011,4.8,3.6,NA,NA,6,6,NA,NA,NA,NA,NA,NA,2016-11-23 21:06:00,0.0
2016-11-24 09:00:00,DCNN,8825,12,1,AWSDLY,1345,1011,6.3,4.7,4.4,4.5,6,6,6,6,NA,NA,NA,NA,2016-11-24 09:05:00,0.0
2016-11-24 21:00:00,DCNN,8825,12,1,AWSDLY,1345,1011,6.9,4.2,NA,NA,6,6,NA,NA,NA,NA,NA,NA,2016-11-24 21:14:00,0.0
2016-11-25 09:00:00,DCNN,8825,12,1,AWSDLY,1345,1011,4.2,2.5,0.8,0.5,6,6,6,6,NA,NA,NA,NA,2016-11-25 10:11:00,0.0
2016-11-25 21:00:00,DCNN,8825,12,1,AWSDLY,1345,1011,6.5,2.6,NA,NA,6,6,NA,NA,NA,NA,NA,NA,2016-11-25 22:42:00,0.0
2016-11-26 09:00:00,DCNN,8825,12,1,AWSDLY,1345,1011,3.4,2.3,1.2,0.6,6,6,6,6,NA,NA,NA,NA,2016-11-26 19:16:00,345.0
2016-11-26 21:00:00,DCNN,8825,12,1,AWSDLY,1345,1011,3.9,2.2,NA,NA,6,6,NA,NA,NA,NA,NA,NA,2016-11-26 22:15:00,0.0
2016-11-27 09:00:00,DCNN,8825,12,1,AWSDLY,1345,1011,3.5,2.3,0.9,1.7,6,6,6,6,NA,NA,NA,NA,2016-11-27 11:12:00,0.0
2016-11-27 21:00:00,DCNN,8825,12,1,AWSDLY,1345,1011,4.4,2.7,NA,NA,6,6,NA,NA,NA,NA,NA,NA,2016-11-27 21:08:00,0.0
2016-11-28 09:00:00,DCNN,8825,12,1,AWSDLY,1345,1011,3.4,1.4,-0.3,0.3,6,6,6,6,NA,NA,NA,NA,2016-11-28 10:08:00,0.0
2016-11-28 21:00:00,DCNN,8825,12,1,AWSDLY,1345,1011,5.5,0.5,NA,NA,6,6,NA,NA,NA,NA,NA,NA,2016-11-29 12:06:00,0.0
2016-11-29 09:00:00,DCNN,8825,12,1,AWSDLY,1345,1011,0.6,-2.6,-4.2,-3.8,6,6,6,6,NA,NA,NA,NA,2016-11-29 14:14:38,0.0
2016-11-29 21:00:00,DCNN,8825,12,1,AWSDLY,1345,1011,4.7,-1.4,NA,NA,6,6,NA,NA,NA,NA,NA,NA,2016-11-30 02:21:00,0.0
2016-11-30 09:00:00,DCNN,8825,12,1,AWSDLY,1345,1011,3.6,-3.9,-6.1,-4.6,6,6,6,6,NA,NA,NA,NA,2016-11-30 11:09:00,0.0
2016-11-30 21:00:00,DCNN,8825,12,1,AWSDLY,1345,1011,8.1,-2.2,NA,NA,6,6,NA,NA,NA,NA,NA,NA,2016-11-30 22:07:00,0.0
2016-12-01 09:00:00,DCNN,8825,12,1,AWSDLY,1345,1011,2.0,-3.2,-5.4,-4.1,6,6,6,6,NA,NA,NA,NA,2016-12-01 09:07:00,0.0
2016-12-01 21:00:00,DCNN,8825,12,1,AWSDLY,1345,1011,7.6,-1.1,NA,NA,6,6,NA,NA,NA,NA,NA,NA,2016-12-01 21:21:00,0.0
2016-12-02 09:00:00,DCNN,8825,12,1,AWSDLY,1345,1011,3.0,-2.4,-5.6,-3.9,6,6,6,6,NA,NA,NA,NA,2016-12-02 09:06:00,0.0
2016-12-02 21:00:00,DCNN,8825,12,1,AWSDLY,1345,1011,5.0,0.7,NA,NA,6,6,NA,NA,NA,NA,NA,NA,2016-12-02 21:05:00,0.0
2016-12-03 09:00:00,DCNN,8825,12,1,AWSDLY,1345,1011,4.0,0.8,-0.6,-0.9,6,6,6,6,NA,NA,NA,NA,2016-12-03 09:08:00,0.0
2016-12-03 21:00:00,DCNN,8825,12,1,AWSDLY,1345,1011,4.3,1.2,NA,NA,6,6,NA,NA,NA,NA,NA,NA,2016-12-03 21:11:00,0.0
2016-12-04 09:00:00,DCNN,8825,12,1,AWSDLY,1345,1011,1.4,0.2,-0.7,-0.7,6,6,6,6,NA,NA,NA,NA,2016-12-04 10:34:00,0.0
2016-12-04 21:00:00,DCNN,8825,12,1,AWSDLY,1345,1011,3.6,0.4,NA,NA,6,6,NA,NA,NA,NA,NA,NA,2016-12-05 06:12:00,0.0
2016-12-05 09:00:00,DCNN,8825,12,1,AWSDLY,1345,1011,6.0,3.0,2.8,2.8,6,6,6,6,NA,NA,NA,NA,2016-12-06 15:04:00,597.0
2016-12-05 21:00:00,DCNN,8825,12,1,AWSDLY,1345,1011,8.6,5.9,NA,NA,6,6,NA,NA,NA,NA,NA,NA,2016-12-06 15:14:00,0.0
2016-12-06 09:00:00,DCNN,8825,12,1,AWSDLY,1345,1011,8.6,7.9,8.0,7.7,6,6,6,6,NA,NA,NA,NA,2016-12-06 15:24:00,0.0
2016-12-06 21:00:00,DCNN,8825,12,1,AWSDLY,1345,1011,10.7,8.6,NA,NA,6,6,NA,NA,NA,NA,NA,NA,2016-12-06 22:10:00,0.0
2016-12-07 09:00:00,DCNN,8825,12,1,AWSDLY,1345,1011,10.5,9.2,8.6,7.9,6,6,6,6,NA,NA,NA,NA,2016-12-07 09:12:00,0.0
2016-12-07 21:00:00,DCNN,8825,12,1,AWSDLY,1345,1011,11.7,9.7,NA,NA,6,6,NA,NA,NA,NA,NA,NA,2016-12-07 21:06:00,0.0
2016-12-08 09:00:00,DCNN,8825,12,1,AWSDLY,1345,1011,11.2,10.5,10.1,9.9,6,6,6,6,NA,NA,NA,NA,2016-12-08 09:57:00,0.0
2016-12-08 21:00:00,DCNN,8825,12,1,AWSDLY,1345,1011,11.9,10.5,NA,NA,6,6,NA,NA,NA,NA,NA,NA,2016-12-08 21:07:00,0.0
2016-12-09 09:00:00,DCNN,8825,12,1,AWSDLY,1345,1011,11.3,9.9,8.9,8.5,6,6,6,6,NA,NA,NA,NA,2016-12-09 09:08:00,0.0
2016-12-09 21:00:00,DCNN,8825,12,1,AWSDLY,1345,1011,11.0,9.8,NA,NA,6,6,NA,NA,NA,NA,NA,NA,2016-12-09 21:09:00,0.0
2016-12-10 09:00:00,DCNN,8825,12,1,AWSDLY,1345,1011,10.4,8.3,8.2,8.6,6,6,6,6,NA,NA,NA,NA,2016-12-10 10:07:00,0.0
2016-12-10 21:00:00,DCNN,8825,12,1,AWSDLY,1345,1011,10.7,3.6,NA,NA,6,6,NA,NA,NA,NA,NA,NA,2016-12-10 21:09:00,0.0
2016-12-11 09:00:00,DCNN,8825,12,1,AWSDLY,1345,1011,6.9,3.3,1.2,2.2,6,6,6,6,NA,NA,NA,NA,2016-12-11 09:07:00,0.0
end data
